R_IDTOTS_C,R_ID_C,R_EXPEDIENT_C,R_EMPRESA_C,R_ESTADO_FC,R_PROVEEDOR_C,R_FECHA_EMISION_C,R_NUMERO_CP,R_NUMERO_CA,R_NUMERO_CF,R_IMPORTE_C,R_ACUMULADO_C,R_FECHA_ENTREGA,Expediente,Empresa,Data entrega,Estat entrega
1,1,5796,ADG32 5796 NSACARES SL,Pagada,ALUBIX SL,2025-10-17,535275,1,2025/00001,1130.14,1130.14,2025-12-18,5796,ADG32 5796 NSACARES SL,2025-12-18,ENTREGADA
2,2,5796,ADG32 5796 NSACARES SL,Pagada,ROCALLA SA,2025-10-17,535296,5,2025/00002,1314.06,2444.2,2025-12-18,5796,ADG32 5796 NSACARES SL,2025-12-18,ENTREGADA
3,3,5796,ADG32 5796 NSACARES SL,Pagada,ALUBIX SL,2025-10-22,537495,10,2025/00005,3714.7,6158.9,2025-12-18,5796,ADG32 5796 NSACARES SL,2025-12-18,ENTREGADA
4,4,5796,ADG32 5796 NSACARES SL,Pagada,ROCALLA SA,2025-10-22,537501,10,2025/00005,4319.7,10478.6,2025-12-18,5796,ADG32 5796 NSACARES SL,2025-12-18,ENTREGADA
5,5,5796,ADG32 5796 NSACARES SL,Pagada,ALUBIX SL,2025-10-29,540082,13,2025/00006,3780.04,14258.64,2025-12-18,5796,ADG32 5796 NSACARES SL,2025-12-18,ENTREGADA
6,6,5796,ADG32 5796 NSACARES SL,Pagada,ROCALLA SA,2025-10-29,540087,15,2025/00010,4126.1,18384.74,2025-12-18,5796,ADG32 5796 NSACARES SL,2025-12-18,ENTREGADA
7,7,5796,ADG32 5796 NSACARES SL,Facturada,ALUBIX SL,2025-11-05,542282,17,2025/00008,3523.52,21908.26,2025-12-18,5796,ADG32 5796 NSACARES SL,2025-12-18,ENTREGADA
8,8,5796,ADG32 5796 NSACARES SL,Facturada,ROCALLA SA,2025-11-05,542284,17,2025/00013,4467.32,26375.58,2025-12-18,5796,ADG32 5796 NSACARES SL,2025-12-18,ENTREGADA
9,9,5796,ADG32 5796 NSACARES SL,Facturada,ALUBIX SL,2025-11-12,544978,20,2025/00013,4038.98,30414.56,2025-12-18,5796,ADG32 5796 NSACARES SL,2025-12-18,ENTREGADA
10,10,5796,ADG32 5796 NSACARES SL,Facturada,ROCALLA SA,2025-11-12,544979,18,2025/00017,4481.84,34896.4,2025-12-18,5796,ADG32 5796 NSACARES SL,2025-12-18,ENTREGADA
11,11,5796,ADG32 5796 NSACARES SL,Facturada,ALUBIX SL,2025-11-19,547874,22,2025/00017,3518.68,38415.08,2025-12-18,5796,ADG32 5796 NSACARES SL,2025-12-18,ENTREGADA
12,12,5796,ADG32 5796 NSACARES SL,Facturada,ROCALLA SA,2025-11-19,547875,22,2025/00018,3574.34,41989.42,2025-12-18,5796,ADG32 5796 NSACARES SL,2025-12-18,ENTREGADA
13,13,5796,ADG32 5796 NSACARES SL,Facturada,ALUBIX SL,2025-11-26,551183,23,2025/00021,3695.34,45684.76,2025-12-18,5796,ADG32 5796 NSACARES SL,2025-12-18,ENTREGADA
14,14,5796,ADG32 5796 NSACARES SL,Facturada,ROCALLA SA,2025-11-26,551187,27,2025/00022,3947.02,49631.78,2025-12-18,5796,ADG32 5796 NSACARES SL,2025-12-18,ENTREGADA
15,15,5796,ADG32 5796 NSACARES SL,Facturada,ALUBIX SL,2025-12-03,554187,27,2025/00024,3605.8,53237.58,2025-12-18,5796,ADG32 5796 NSACARES SL,2025-12-18,ENTREGADA
16,16,5796,ADG32 5796 NSACARES SL,Facturada,ROCALLA SA,2025-12-03,554188,31,2025/00027,4157.56,57395.14,2025-12-18,5796,ADG32 5796 NSACARES SL,2025-12-18,ENTREGADA
17,17,5796,ADG32 5796 NSACARES SL,Facturada,ALUBIX SL,2025-12-10,556692,30,2025/00028,3780.04,61175.18,2025-12-18,5796,ADG32 5796 NSACARES SL,2025-12-18,ENTREGADA
18,18,5796,ADG32 5796 NSACARES SL,Facturada,ROCALLA SA,2025-12-10,556693,32,2025/00032,4414.08,65589.26,2025-12-18,5796,ADG32 5796 NSACARES SL,2025-12-18,ENTREGADA
19,19,5796,ADG32 5796 NSACARES SL,Pagada,ALUBIX SL,2025-12-17,560877,33,2025/00032,3927.66,69516.92,2025-12-18,5796,ADG32 5796 NSACARES SL,2025-12-18,ENTREGADA
20,20,5796,ADG32 5796 NSACARES SL,Pagada,ROCALLA SA,2025-12-17,560878,35,2025/00037,4307.6,73824.52,2025-12-18,5796,ADG32 5796 NSACARES SL,2025-12-18,ENTREGADA
21,21,5796,ADG32 5796 NSACARES SL,Facturada,ALUBIX SL,2025-12-29,561696,34,2025/00034,162.14,73986.66,2025-12-18,5796,ADG32 5796 NSACARES SL,2025-12-18,ENTREGADA
22,22,5796,ADG32 5796 NSACARES SL,Facturada,ROCALLA SA,2025-12-29,561697,39,2025/00041,157.3,74143.96,2025-12-18,5796,ADG32 5796 NSACARES SL,2025-12-18,ENTREGADA
23,1,6265,ADG32 6265 SMORENO SL,Pagada,ALUBIX SL,2025-10-17,535282,5,2025/00003,1274.13,1274.13,2025-12-19,6265,ADG32 6265 SMORENO SL,2025-12-19,ENTREGADA
24,2,6265,ADG32 6265 SMORENO SL,Pagada,ROCALLA SA,2025-10-17,535304,2,2025/00004,1231.78,2505.91,2025-12-19,6265,ADG32 6265 SMORENO SL,2025-12-19,ENTREGADA
25,3,6265,ADG32 6265 SMORENO SL,Pagada,ALUBIX SL,2025-10-22,537485,6,2025/00008,3816.34,6322.25,2025-12-19,6265,ADG32 6265 SMORENO SL,2025-12-19,ENTREGADA
26,4,6265,ADG32 6265 SMORENO SL,Pagada,ROCALLA SA,2025-10-22,537489,7,2025/00005,4205.96,10528.21,2025-12-19,6265,ADG32 6265 SMORENO SL,2025-12-19,ENTREGADA
27,5,6265,ADG32 6265 SMORENO SL,Pagada,ALUBIX SL,2025-10-29,540079,11,2025/00009,3764.31,14292.52,2025-12-19,6265,ADG32 6265 SMORENO SL,2025-12-19,ENTREGADA
28,6,6265,ADG32 6265 SMORENO SL,Pagada,ROCALLA SA,2025-10-29,540091,9,2025/00009,3963.96,18256.48,2025-12-19,6265,ADG32 6265 SMORENO SL,2025-12-19,ENTREGADA
29,7,6265,ADG32 6265 SMORENO SL,Facturada,ALUBIX SL,2025-11-05,542308,13,2025/00014,4164.82,22421.3,2025-12-19,6265,ADG32 6265 SMORENO SL,2025-12-19,ENTREGADA
30,8,6265,ADG32 6265 SMORENO SL,Facturada,ROCALLA SA,2025-11-05,542324,10,2025/00010,4641.56,27062.86,2025-12-19,6265,ADG32 6265 SMORENO SL,2025-12-19,ENTREGADA
31,9,6265,ADG32 6265 SMORENO SL,Facturada,ALUBIX SL,2025-11-12,544980,14,2025/00015,3760.68,30823.54,2025-12-19,6265,ADG32 6265 SMORENO SL,2025-12-19,ENTREGADA
32,10,6265,ADG32 6265 SMORENO SL,Facturada,ROCALLA SA,2025-11-12,544983,13,2025/00013,3886.52,34710.06,2025-12-19,6265,ADG32 6265 SMORENO SL,2025-12-19,ENTREGADA
33,11,6265,ADG32 6265 SMORENO SL,Facturada,ALUBIX SL,2025-11-19,547940,15,2025/00018,4780.71,39490.77,2025-12-19,6265,ADG32 6265 SMORENO SL,2025-12-19,ENTREGADA
34,12,6265,ADG32 6265 SMORENO SL,Facturada,ROCALLA SA,2025-11-19,547942,17,2025/00017,3644.52,43135.29,2025-12-19,6265,ADG32 6265 SMORENO SL,2025-12-19,ENTREGADA
35,13,6265,ADG32 6265 SMORENO SL,Facturada,ALUBIX SL,2025-11-26,551286,20,2025/00020,5021.5,48156.79,2025-12-19,6265,ADG32 6265 SMORENO SL,2025-12-19,ENTREGADA
36,14,6265,ADG32 6265 SMORENO SL,Facturada,ROCALLA SA,2025-11-26,551295,19,2025/00022,3455.76,51612.55,2025-12-19,6265,ADG32 6265 SMORENO SL,2025-12-19,ENTREGADA
37,15,6265,ADG32 6265 SMORENO SL,Facturada,ALUBIX SL,2025-12-03,554294,24,2025/00022,5042.07,56654.62,2025-12-19,6265,ADG32 6265 SMORENO SL,2025-12-19,ENTREGADA
38,16,6265,ADG32 6265 SMORENO SL,Facturada,ROCALLA SA,2025-12-03,554301,23,2025/00024,3463.02,60117.64,2025-12-19,6265,ADG32 6265 SMORENO SL,2025-12-19,ENTREGADA
39,17,6265,ADG32 6265 SMORENO SL,Facturada,ALUBIX SL,2025-12-10,556846,25,2025/00023,3903.46,64021.1,2025-12-19,6265,ADG32 6265 SMORENO SL,2025-12-19,ENTREGADA
40,18,6265,ADG32 6265 SMORENO SL,Facturada,ROCALLA SA,2025-12-10,556853,26,2025/00028,3840.54,67861.64,2025-12-19,6265,ADG32 6265 SMORENO SL,2025-12-19,ENTREGADA
41,19,6265,ADG32 6265 SMORENO SL,Pagada,ALUBIX SL,2025-12-18,561013,29,2025/00028,3898.62,71760.26,2025-12-19,6265,ADG32 6265 SMORENO SL,2025-12-19,ENTREGADA
42,20,6265,ADG32 6265 SMORENO SL,Pagada,ROCALLA SA,2025-12-18,561014,28,2025/00033,3153.26,74913.52,2025-12-19,6265,ADG32 6265 SMORENO SL,2025-12-19,ENTREGADA
43,21,6265,ADG32 6265 SMORENO SL,Facturada,ALUBIX SL,2025-12-30,561711,34,2025/00029,134.31,75047.83,2025-12-19,6265,ADG32 6265 SMORENO SL,2025-12-19,ENTREGADA
44,22,6265,ADG32 6265 SMORENO SL,Facturada,ROCALLA SA,2025-12-30,561712,30,2025/00037,183.92,75231.75,2025-12-19,6265,ADG32 6265 SMORENO SL,2025-12-19,ENTREGADA
45,1,6320,ADG32 6320 MNAVARRO SL,Pagada,ROCALLA SA,2025-10-20,536437,4,2025/00001,1173.7,1173.7,2025-12-30,6320,ADG32 6320 MNAVARRO SL,2025-12-30,ENTREGADA
46,2,6320,ADG32 6320 MNAVARRO SL,Pagada,ALUBIX SL,2025-10-20,536438,3,2025/00003,1193.06,2366.76,2025-12-30,6320,ADG32 6320 MNAVARRO SL,2025-12-30,ENTREGADA
47,3,6320,ADG32 6320 MNAVARRO SL,Pagada,ALUBIX SL,2025-10-22,537484,8,2025/00005,3494.48,5861.24,2025-12-30,6320,ADG32 6320 MNAVARRO SL,2025-12-30,ENTREGADA
48,4,6320,ADG32 6320 MNAVARRO SL,Pagada,ROCALLA SA,2025-10-22,537486,8,2025/00003,3506.58,9367.82,2025-12-30,6320,ADG32 6320 MNAVARRO SL,2025-12-30,ENTREGADA
49,5,6320,ADG32 6320 MNAVARRO SL,Pagada,ALUBIX SL,2025-10-29,540056,9,2025/00009,4418.92,13786.74,2025-12-30,6320,ADG32 6320 MNAVARRO SL,2025-12-30,ENTREGADA
50,6,6320,ADG32 6320 MNAVARRO SL,Pagada,ROCALLA SA,2025-10-29,540057,12,2025/00004,4498.78,18285.52,2025-12-30,6320,ADG32 6320 MNAVARRO SL,2025-12-30,ENTREGADA
51,7,6320,ADG32 6320 MNAVARRO SL,Facturada,ALUBIX SL,2025-11-05,542290,14,2025/00013,3988.16,22273.68,2025-12-30,6320,ADG32 6320 MNAVARRO SL,2025-12-30,ENTREGADA
52,8,6320,ADG32 6320 MNAVARRO SL,Facturada,ROCALLA SA,2025-11-05,542293,16,2025/00007,3954.28,26227.96,2025-12-30,6320,ADG32 6320 MNAVARRO SL,2025-12-30,ENTREGADA
53,9,6320,ADG32 6320 MNAVARRO SL,Facturada,ALUBIX SL,2025-11-12,544975,19,2025/00016,3988.16,30216.12,2025-12-30,6320,ADG32 6320 MNAVARRO SL,2025-12-30,ENTREGADA
54,10,6320,ADG32 6320 MNAVARRO SL,Facturada,ROCALLA SA,2025-11-12,544981,19,2025/00009,3809.08,34025.2,2025-12-30,6320,ADG32 6320 MNAVARRO SL,2025-12-30,ENTREGADA
55,11,6320,ADG32 6320 MNAVARRO SL,Facturada,ALUBIX SL,2025-11-20,549047,21,2025/00017,4539.92,38565.12,2025-12-30,6320,ADG32 6320 MNAVARRO SL,2025-12-30,ENTREGADA
56,12,6320,ADG32 6320 MNAVARRO SL,Facturada,ROCALLA SA,2025-11-20,549048,20,2025/00012,4014.78,42579.9,2025-12-30,6320,ADG32 6320 MNAVARRO SL,2025-12-30,ENTREGADA
57,13,6320,ADG32 6320 MNAVARRO SL,Facturada,ALUBIX SL,2025-11-26,551254,24,2025/00021,4653.66,47233.56,2025-12-30,6320,ADG32 6320 MNAVARRO SL,2025-12-30,ENTREGADA
58,14,6320,ADG32 6320 MNAVARRO SL,Facturada,ROCALLA SA,2025-11-26,551267,22,2025/00015,4602.84,51836.4,2025-12-30,6320,ADG32 6320 MNAVARRO SL,2025-12-30,ENTREGADA
59,15,6320,ADG32 6320 MNAVARRO SL,Facturada,ALUBIX SL,2025-12-03,554277,28,2025/00023,4087.38,55923.78,2025-12-30,6320,ADG32 6320 MNAVARRO SL,2025-12-30,ENTREGADA
60,16,6320,ADG32 6320 MNAVARRO SL,Facturada,ROCALLA SA,2025-12-03,554290,25,2025/00016,4232.58,60156.36,2025-12-30,6320,ADG32 6320 MNAVARRO SL,2025-12-30,ENTREGADA
61,17,6320,ADG32 6320 MNAVARRO SL,Facturada,ALUBIX SL,2025-12-10,556839,32,2025/00024,4334.22,64490.58,2025-12-30,6320,ADG32 6320 MNAVARRO SL,2025-12-30,ENTREGADA
62,18,6320,ADG32 6320 MNAVARRO SL,Facturada,ROCALLA SA,2025-12-10,556843,26,2025/00017,4365.68,68856.26,2025-12-30,6320,ADG32 6320 MNAVARRO SL,2025-12-30,ENTREGADA
63,19,6320,ADG32 6320 MNAVARRO SL,Pagada,ALUBIX SL,2025-12-18,561001,34,2025/00027,4082.54,72938.8,2025-12-30,6320,ADG32 6320 MNAVARRO SL,2025-12-30,ENTREGADA
64,20,6320,ADG32 6320 MNAVARRO SL,Pagada,ROCALLA SA,2025-12-18,561002,27,2025/00020,3714.7,76653.5,2025-12-30,6320,ADG32 6320 MNAVARRO SL,2025-12-30,ENTREGADA
65,21,6320,ADG32 6320 MNAVARRO SL,Facturada,ALUBIX SL,2025-12-29,561707,35,2025/00029,157.3,76810.8,2025-12-30,6320,ADG32 6320 MNAVARRO SL,2025-12-30,ENTREGADA
66,22,6320,ADG32 6320 MNAVARRO SL,Facturada,ROCALLA SA,2025-12-29,561708,30,2025/00021,166.98,76977.78,2025-12-30,6320,ADG32 6320 MNAVARRO SL,2025-12-30,ENTREGADA
67,1,6352,ADG32 6352 SAANANOU SL,Pagada,ALUBIX SL,2025-10-17,535285,4,2025/00003,1266.87,1266.87,2025-12-30,6352,ADG32 6352 SAANANOU SL,2025-12-30,ENTREGADA
68,2,6352,ADG32 6352 SAANANOU SL,Pagada,ROCALLA SA,2025-10-17,535312,3,2025/00001,1056.33,2323.2,2025-12-30,6352,ADG32 6352 SAANANOU SL,2025-12-30,ENTREGADA
69,3,6352,ADG32 6352 SAANANOU SL,Pagada,ALUBIX SL,2025-10-22,537112,8,2025/00008,4020.23,6343.43,2025-12-30,6352,ADG32 6352 SAANANOU SL,2025-12-30,ENTREGADA
70,4,6352,ADG32 6352 SAANANOU SL,Pagada,ROCALLA SA,2025-10-22,537115,5,2025/00005,3661.46,10004.89,2025-12-30,6352,ADG32 6352 SAANANOU SL,2025-12-30,ENTREGADA
71,5,6352,ADG32 6352 SAANANOU SL,Pagada,ALUBIX SL,2025-10-29,540133,13,2025/00010,4325.15,14330.04,2025-12-30,6352,ADG32 6352 SAANANOU SL,2025-12-30,ENTREGADA
72,6,6352,ADG32 6352 SAANANOU SL,Pagada,ROCALLA SA,2025-10-29,540134,6,2025/00007,3539.25,17869.29,2025-12-30,6352,ADG32 6352 SAANANOU SL,2025-12-30,ENTREGADA
73,7,6352,ADG32 6352 SAANANOU SL,Facturada,ALUBIX SL,2025-11-05,542386,15,2025/00012,4266.46,22135.75,2025-12-30,6352,ADG32 6352 SAANANOU SL,2025-12-30,ENTREGADA
74,8,6352,ADG32 6352 SAANANOU SL,Facturada,ROCALLA SA,2025-11-05,542389,8,2025/00009,3643.31,25779.06,2025-12-30,6352,ADG32 6352 SAANANOU SL,2025-12-30,ENTREGADA
75,9,6352,ADG32 6352 SAANANOU SL,Facturada,ALUBIX SL,2025-11-12,545031,20,2025/00015,4049.27,29828.33,2025-12-30,6352,ADG32 6352 SAANANOU SL,2025-12-30,ENTREGADA
76,10,6352,ADG32 6352 SAANANOU SL,Facturada,ROCALLA SA,2025-11-12,545032,12,2025/00013,3403.73,33232.06,2025-12-30,6352,ADG32 6352 SAANANOU SL,2025-12-30,ENTREGADA
77,11,6352,ADG32 6352 SAANANOU SL,Facturada,ALUBIX SL,2025-11-19,548396,24,2025/00017,3916.77,37148.83,2025-12-30,6352,ADG32 6352 SAANANOU SL,2025-12-30,ENTREGADA
78,12,6352,ADG32 6352 SAANANOU SL,Facturada,ROCALLA SA,2025-11-19,548397,16,2025/00017,3781.25,40930.08,2025-12-30,6352,ADG32 6352 SAANANOU SL,2025-12-30,ENTREGADA
79,13,6352,ADG32 6352 SAANANOU SL,Facturada,ALUBIX SL,2025-11-26,551300,25,2025/00019,4823.06,45753.14,2025-12-30,6352,ADG32 6352 SAANANOU SL,2025-12-30,ENTREGADA
80,14,6352,ADG32 6352 SAANANOU SL,Facturada,ROCALLA SA,2025-11-26,551301,19,2025/00019,4241.05,49994.19,2025-12-30,6352,ADG32 6352 SAANANOU SL,2025-12-30,ENTREGADA
81,15,6352,ADG32 6352 SAANANOU SL,Facturada,ALUBIX SL,2025-12-03,554360,27,2025/00024,4040.8,54034.99,2025-12-30,6352,ADG32 6352 SAANANOU SL,2025-12-30,ENTREGADA
82,16,6352,ADG32 6352 SAANANOU SL,Facturada,ROCALLA SA,2025-12-03,554362,24,2025/00024,3861.11,57896.1,2025-12-30,6352,ADG32 6352 SAANANOU SL,2025-12-30,ENTREGADA
83,17,6352,ADG32 6352 SAANANOU SL,Facturada,ALUBIX SL,2025-12-10,556920,28,2025/00028,4420.74,62316.84,2025-12-30,6352,ADG32 6352 SAANANOU SL,2025-12-30,ENTREGADA
84,18,6352,ADG32 6352 SAANANOU SL,Facturada,ROCALLA SA,2025-12-10,556921,29,2025/00027,3950.65,66267.49,2025-12-30,6352,ADG32 6352 SAANANOU SL,2025-12-30,ENTREGADA
85,1,6356,ADG32 6356 WAANANOU SL,Pagada,ALUBIX SL,2025-10-17,535295,1,2025/00005,1507.66,1507.66,2025-12-30,6356,ADG32 6356 WAANANOU SL,2025-12-30,ENTREGADA
86,2,6356,ADG32 6356 WAANANOU SL,Pagada,ROCALLA SA,2025-10-17,535313,5,2025/00004,1444.74,2952.4,2025-12-30,6356,ADG32 6356 WAANANOU SL,2025-12-30,ENTREGADA
87,3,6356,ADG32 6356 WAANANOU SL,Pagada,ALUBIX SL,2025-10-22,537160,4,2025/00009,4808.54,7760.94,2025-12-30,6356,ADG32 6356 WAANANOU SL,2025-12-30,ENTREGADA
88,4,6356,ADG32 6356 WAANANOU SL,Pagada,ROCALLA SA,2025-10-22,537767,8,2025/00008,4977.94,12738.88,2025-12-30,6356,ADG32 6356 WAANANOU SL,2025-12-30,ENTREGADA
89,5,6356,ADG32 6356 WAANANOU SL,Pagada,ALUBIX SL,2025-10-29,540159,6,2025/00012,3874.42,16613.3,2025-12-30,6356,ADG32 6356 WAANANOU SL,2025-12-30,ENTREGADA
90,6,6356,ADG32 6356 WAANANOU SL,Pagada,ROCALLA SA,2025-10-29,540161,10,2025/00010,3322.66,19935.96,2025-12-30,6356,ADG32 6356 WAANANOU SL,2025-12-30,ENTREGADA
91,7,6356,ADG32 6356 WAANANOU SL,Facturada,ALUBIX SL,2025-11-05,542874,9,2025/00013,4360.84,24296.8,2025-12-30,6356,ADG32 6356 WAANANOU SL,2025-12-30,ENTREGADA
92,8,6356,ADG32 6356 WAANANOU SL,Facturada,ROCALLA SA,2025-11-05,542875,15,2025/00012,2473.24,26770.04,2025-12-30,6356,ADG32 6356 WAANANOU SL,2025-12-30,ENTREGADA
93,9,6356,ADG32 6356 WAANANOU SL,Facturada,ALUBIX SL,2025-11-12,545041,12,2025/00014,4689.96,31460.0,2025-12-30,6356,ADG32 6356 WAANANOU SL,2025-12-30,ENTREGADA
94,10,6356,ADG32 6356 WAANANOU SL,Facturada,ROCALLA SA,2025-11-13,545755,17,2025/00017,3369.85,34829.85,2025-12-30,6356,ADG32 6356 WAANANOU SL,2025-12-30,ENTREGADA
95,11,6356,ADG32 6356 WAANANOU SL,Facturada,ROCALLA SA,2025-11-14,546232,20,2025/00018,326.7,35156.55,2025-12-30,6356,ADG32 6356 WAANANOU SL,2025-12-30,ENTREGADA
96,12,6356,ADG32 6356 WAANANOU SL,Facturada,ALUBIX SL,2025-11-19,547964,14,2025/00019,4418.92,39575.47,2025-12-30,6356,ADG32 6356 WAANANOU SL,2025-12-30,ENTREGADA
97,13,6356,ADG32 6356 WAANANOU SL,Facturada,ALUBIX SL,2025-11-19,548603,15,2025/00022,239.58,39815.05,2025-12-30,6356,ADG32 6356 WAANANOU SL,2025-12-30,ENTREGADA
98,14,6356,ADG32 6356 WAANANOU SL,Facturada,ROCALLA SA,2025-11-19,548606,23,2025/00022,3488.43,43303.48,2025-12-30,6356,ADG32 6356 WAANANOU SL,2025-12-30,ENTREGADA
99,15,6356,ADG32 6356 WAANANOU SL,Pendent,ROCALLA SA,2025-11-21,549377,28,2025/00027,14.52,43318.0,2025-12-30,6356,ADG32 6356 WAANANOU SL,2025-12-30,ENTREGADA
100,16,6356,ADG32 6356 WAANANOU SL,Facturada,ALUBIX SL,2025-11-26,551319,19,2025/00028,2814.46,46132.46,2025-12-30,6356,ADG32 6356 WAANANOU SL,2025-12-30,ENTREGADA
101,17,6356,ADG32 6356 WAANANOU SL,Facturada,ROCALLA SA,2025-11-26,551323,29,2025/00028,3196.82,49329.28,2025-12-30,6356,ADG32 6356 WAANANOU SL,2025-12-30,ENTREGADA
102,18,6356,ADG32 6356 WAANANOU SL,Facturada,ALUBIX SL,2025-11-26,551595,20,2025/00024,1422.96,50752.24,2025-12-30,6356,ADG32 6356 WAANANOU SL,2025-12-30,ENTREGADA
103,19,6356,ADG32 6356 WAANANOU SL,Facturada,ALUBIX SL,2025-12-03,554396,24,2025/00029,4767.4,55519.64,2025-12-30,6356,ADG32 6356 WAANANOU SL,2025-12-30,ENTREGADA
104,20,6356,ADG32 6356 WAANANOU SL,Facturada,ROCALLA SA,2025-12-03,554399,32,2025/00033,3803.03,59322.67,2025-12-30,6356,ADG32 6356 WAANANOU SL,2025-12-30,ENTREGADA
105,21,6356,ADG32 6356 WAANANOU SL,Facturada,ALUBIX SL,2025-12-10,557603,25,2025/00034,4314.86,63637.53,2025-12-30,6356,ADG32 6356 WAANANOU SL,2025-12-30,ENTREGADA
106,22,6356,ADG32 6356 WAANANOU SL,Facturada,ROCALLA SA,2025-12-10,557605,37,2025/00037,3623.95,67261.48,2025-12-30,6356,ADG32 6356 WAANANOU SL,2025-12-30,ENTREGADA
107,23,6356,ADG32 6356 WAANANOU SL,Pagada,ALUBIX SL,2025-12-17,560979,31,2025/00039,4997.3,72258.78,2025-12-30,6356,ADG32 6356 WAANANOU SL,2025-12-30,ENTREGADA
108,24,6356,ADG32 6356 WAANANOU SL,Pagada,ROCALLA SA,2025-12-17,560980,41,2025/00040,3662.67,75921.45,2025-12-30,6356,ADG32 6356 WAANANOU SL,2025-12-30,ENTREGADA
109,25,6356,ADG32 6356 WAANANOU SL,Facturada,ALUBIX SL,2025-12-29,561705,33,2025/00041,157.3,76078.75,2025-12-30,6356,ADG32 6356 WAANANOU SL,2025-12-30,ENTREGADA
110,26,6356,ADG32 6356 WAANANOU SL,Facturada,ROCALLA SA,2025-12-29,561706,45,2025/00041,158.51,76237.26,2025-12-30,6356,ADG32 6356 WAANANOU SL,2025-12-30,ENTREGADA
111,1,6366,ADG32 6366 JMORAGUES SL,Pagada,ALUBIX SL,2025-10-17,535278,3,2025/00002,1067.22,1067.22,2025-12-19,6366,ADG32 6366 JMORAGUES SL,2025-12-19,ENTREGADA
112,2,6366,ADG32 6366 JMORAGUES SL,Pagada,ROCALLA SA,2025-10-17,535306,4,2025/00005,1353.99,2421.21,2025-12-19,6366,ADG32 6366 JMORAGUES SL,2025-12-19,ENTREGADA
113,3,6366,ADG32 6366 JMORAGUES SL,Pagada,ALUBIX SL,2025-10-22,537109,8,2025/00003,3748.58,6169.79,2025-12-19,6366,ADG32 6366 JMORAGUES SL,2025-12-19,ENTREGADA
114,4,6366,ADG32 6366 JMORAGUES SL,Pagada,ROCALLA SA,2025-10-22,537116,6,2025/00009,4239.84,10409.63,2025-12-19,6366,ADG32 6366 JMORAGUES SL,2025-12-19,ENTREGADA
115,5,6366,ADG32 6366 JMORAGUES SL,Pagada,ALUBIX SL,2025-10-29,540059,10,2025/00006,3303.3,13712.93,2025-12-19,6366,ADG32 6366 JMORAGUES SL,2025-12-19,ENTREGADA
116,6,6366,ADG32 6366 JMORAGUES SL,Pagada,ROCALLA SA,2025-10-29,540061,10,2025/00013,3873.21,17586.14,2025-12-19,6366,ADG32 6366 JMORAGUES SL,2025-12-19,ENTREGADA
117,7,6366,ADG32 6366 JMORAGUES SL,Facturada,ALUBIX SL,2025-11-05,542307,11,2025/00011,4242.26,21828.4,2025-12-19,6366,ADG32 6366 JMORAGUES SL,2025-12-19,ENTREGADA
118,8,6366,ADG32 6366 JMORAGUES SL,Facturada,ROCALLA SA,2025-11-05,542310,12,2025/00015,5150.97,26979.37,2025-12-19,6366,ADG32 6366 JMORAGUES SL,2025-12-19,ENTREGADA
119,9,6366,ADG32 6366 JMORAGUES SL,Facturada,ALUBIX SL,2025-11-12,544984,15,2025/00014,3564.66,30544.03,2025-12-19,6366,ADG32 6366 JMORAGUES SL,2025-12-19,ENTREGADA
120,10,6366,ADG32 6366 JMORAGUES SL,Facturada,ROCALLA SA,2025-11-12,544986,15,2025/00020,4773.45,35317.48,2025-12-19,6366,ADG32 6366 JMORAGUES SL,2025-12-19,ENTREGADA
121,11,6366,ADG32 6366 JMORAGUES SL,Facturada,ALUBIX SL,2025-11-19,547936,20,2025/00018,3310.56,38628.04,2025-12-19,6366,ADG32 6366 JMORAGUES SL,2025-12-19,ENTREGADA
122,12,6366,ADG32 6366 JMORAGUES SL,Facturada,ROCALLA SA,2025-11-19,547938,19,2025/00025,3767.94,42395.98,2025-12-19,6366,ADG32 6366 JMORAGUES SL,2025-12-19,ENTREGADA
123,13,6366,ADG32 6366 JMORAGUES SL,Facturada,ALUBIX SL,2025-11-26,551253,21,2025/00020,3859.9,46255.88,2025-12-19,6366,ADG32 6366 JMORAGUES SL,2025-12-19,ENTREGADA
124,14,6366,ADG32 6366 JMORAGUES SL,Facturada,ROCALLA SA,2025-11-26,551263,21,2025/00029,4265.25,50521.13,2025-12-19,6366,ADG32 6366 JMORAGUES SL,2025-12-19,ENTREGADA
125,15,6366,ADG32 6366 JMORAGUES SL,Facturada,ALUBIX SL,2025-12-03,554336,25,2025/00025,3576.76,54097.89,2025-12-19,6366,ADG32 6366 JMORAGUES SL,2025-12-19,ENTREGADA
126,16,6366,ADG32 6366 JMORAGUES SL,Facturada,ROCALLA SA,2025-12-03,554337,24,2025/00030,4345.11,58443.0,2025-12-19,6366,ADG32 6366 JMORAGUES SL,2025-12-19,ENTREGADA
127,17,6366,ADG32 6366 JMORAGUES SL,Facturada,ALUBIX SL,2025-12-10,556849,29,2025/00028,3492.06,61935.06,2025-12-19,6366,ADG32 6366 JMORAGUES SL,2025-12-19,ENTREGADA
128,18,6366,ADG32 6366 JMORAGUES SL,Facturada,ROCALLA SA,2025-12-10,556852,26,2025/00035,4189.02,66124.08,2025-12-19,6366,ADG32 6366 JMORAGUES SL,2025-12-19,ENTREGADA
129,19,6366,ADG32 6366 JMORAGUES SL,Pagada,ALUBIX SL,2025-12-18,561023,32,2025/00031,3373.48,69497.56,2025-12-19,6366,ADG32 6366 JMORAGUES SL,2025-12-19,ENTREGADA
130,20,6366,ADG32 6366 JMORAGUES SL,Pagada,ROCALLA SA,2025-12-18,561027,31,2025/00036,3767.94,73265.5,2025-12-19,6366,ADG32 6366 JMORAGUES SL,2025-12-19,ENTREGADA
131,21,6366,ADG32 6366 JMORAGUES SL,Pagada,ALUBIX SL,2025-12-24,561672,36,2025/00036,162.14,73427.64,2025-12-19,6366,ADG32 6366 JMORAGUES SL,2025-12-19,ENTREGADA
132,22,6366,ADG32 6366 JMORAGUES SL,Pagada,ROCALLA SA,2025-12-24,561673,34,2025/00039,163.35,73590.99,2025-12-19,6366,ADG32 6366 JMORAGUES SL,2025-12-19,ENTREGADA
133,1,6368,ADG32 6368 LPIZA SL,Pagada,ALUBIX SL,2025-10-17,535321,4,2025/00004,1447.16,1447.16,2025-12-24,6368,ADG32 6368 LPIZA SL,2025-12-24,ENTREGADA
134,2,6368,ADG32 6368 LPIZA SL,Pagada,ROCALLA SA,2025-10-17,535324,5,2025/00001,1672.22,3119.38,2025-12-24,6368,ADG32 6368 LPIZA SL,2025-12-24,ENTREGADA
135,3,6368,ADG32 6368 LPIZA SL,Pagada,ALUBIX SL,2025-10-22,537130,8,2025/00006,3092.76,6212.14,2025-12-24,6368,ADG32 6368 LPIZA SL,2025-12-24,ENTREGADA
136,4,6368,ADG32 6368 LPIZA SL,Pagada,ROCALLA SA,2025-10-22,537135,6,2025/00003,3559.82,9771.96,2025-12-24,6368,ADG32 6368 LPIZA SL,2025-12-24,ENTREGADA
137,5,6368,ADG32 6368 LPIZA SL,Pagada,ALUBIX SL,2025-10-29,540077,11,2025/00007,3598.54,13370.5,2025-12-24,6368,ADG32 6368 LPIZA SL,2025-12-24,ENTREGADA
138,6,6368,ADG32 6368 LPIZA SL,Pagada,ROCALLA SA,2025-10-29,540078,7,2025/00007,4264.04,17634.54,2025-12-24,6368,ADG32 6368 LPIZA SL,2025-12-24,ENTREGADA
139,7,6368,ADG32 6368 LPIZA SL,Facturada,ALUBIX SL,2025-11-05,542304,14,2025/00010,3813.92,21448.46,2025-12-24,6368,ADG32 6368 LPIZA SL,2025-12-24,ENTREGADA
140,8,6368,ADG32 6368 LPIZA SL,Facturada,ROCALLA SA,2025-11-05,542312,12,2025/00011,4714.16,26162.62,2025-12-24,6368,ADG32 6368 LPIZA SL,2025-12-24,ENTREGADA
141,9,6368,ADG32 6368 LPIZA SL,Facturada,ALUBIX SL,2025-11-13,545514,16,2025/00013,3315.4,29478.02,2025-12-24,6368,ADG32 6368 LPIZA SL,2025-12-24,ENTREGADA
142,10,6368,ADG32 6368 LPIZA SL,Facturada,ROCALLA SA,2025-11-13,545515,14,2025/00016,4486.68,33964.7,2025-12-24,6368,ADG32 6368 LPIZA SL,2025-12-24,ENTREGADA
143,11,6368,ADG32 6368 LPIZA SL,Facturada,ALUBIX SL,2025-11-19,547920,18,2025/00018,3540.46,37505.16,2025-12-24,6368,ADG32 6368 LPIZA SL,2025-12-24,ENTREGADA
144,12,6368,ADG32 6368 LPIZA SL,Facturada,ROCALLA SA,2025-11-19,547923,17,2025/00019,4176.92,41682.08,2025-12-24,6368,ADG32 6368 LPIZA SL,2025-12-24,ENTREGADA
145,13,6368,ADG32 6368 LPIZA SL,Facturada,ALUBIX SL,2025-11-26,551381,23,2025/00023,3959.12,45641.2,2025-12-24,6368,ADG32 6368 LPIZA SL,2025-12-24,ENTREGADA
146,14,6368,ADG32 6368 LPIZA SL,Facturada,ROCALLA SA,2025-11-26,551390,20,2025/00024,4271.3,49912.5,2025-12-24,6368,ADG32 6368 LPIZA SL,2025-12-24,ENTREGADA
147,15,6368,ADG32 6368 LPIZA SL,Facturada,ALUBIX SL,2025-12-03,554313,24,2025/00027,3913.14,53825.64,2025-12-24,6368,ADG32 6368 LPIZA SL,2025-12-24,ENTREGADA
148,16,6368,ADG32 6368 LPIZA SL,Facturada,ROCALLA SA,2025-12-03,554316,22,2025/00027,4663.34,58488.98,2025-12-24,6368,ADG32 6368 LPIZA SL,2025-12-24,ENTREGADA
149,17,6368,ADG32 6368 LPIZA SL,Facturada,ALUBIX SL,2025-12-10,556851,28,2025/00030,3593.7,62082.68,2025-12-24,6368,ADG32 6368 LPIZA SL,2025-12-24,ENTREGADA
150,18,6368,ADG32 6368 LPIZA SL,Facturada,ROCALLA SA,2025-12-10,556855,26,2025/00029,5186.06,67268.74,2025-12-24,6368,ADG32 6368 LPIZA SL,2025-12-24,ENTREGADA
151,19,6368,ADG32 6368 LPIZA SL,Pagada,ALUBIX SL,2025-12-17,560474,32,2025/00031,3283.94,70552.68,2025-12-24,6368,ADG32 6368 LPIZA SL,2025-12-24,ENTREGADA
152,20,6368,ADG32 6368 LPIZA SL,Pagada,ROCALLA SA,2025-12-17,560477,30,2025/00034,3741.32,74294.0,2025-12-24,6368,ADG32 6368 LPIZA SL,2025-12-24,ENTREGADA
153,21,6368,ADG32 6368 LPIZA SL,Pagada,ALUBIX SL,2025-12-24,561675,34,2025/00034,171.82,74465.82,2025-12-24,6368,ADG32 6368 LPIZA SL,2025-12-24,ENTREGADA
154,22,6368,ADG32 6368 LPIZA SL,Pagada,ROCALLA SA,2025-12-24,561677,31,2025/00036,162.14,74627.96,2025-12-24,6368,ADG32 6368 LPIZA SL,2025-12-24,ENTREGADA
155,1,6369,ADG32 6369 VMASTRANGELO SL,Pagada,ALUBIX SL,2025-10-17,535276,1,2025/00002,1239.04,1239.04,2025-12-18,6369,ADG32 6369 VMASTRANGELO SL,2025-12-18,ENTREGADA
156,2,6369,ADG32 6369 VMASTRANGELO SL,Pagada,ROCALLA SA,2025-10-17,535299,5,2025/00001,1593.57,2832.61,2025-12-18,6369,ADG32 6369 VMASTRANGELO SL,2025-12-18,ENTREGADA
157,3,6369,ADG32 6369 VMASTRANGELO SL,Pagada,ALUBIX SL,2025-10-22,537048,2,2025/00009,1840.41,4673.02,2025-12-18,6369,ADG32 6369 VMASTRANGELO SL,2025-12-18,ENTREGADA
158,4,6369,ADG32 6369 VMASTRANGELO SL,Pagada,ALUBIX SL,2025-10-22,537049,4,2025/00007,1583.89,6256.91,2025-12-18,6369,ADG32 6369 VMASTRANGELO SL,2025-12-18,ENTREGADA
159,5,6369,ADG32 6369 VMASTRANGELO SL,Pagada,ROCALLA SA,2025-10-22,537052,7,2025/00005,4268.88,10525.79,2025-12-18,6369,ADG32 6369 VMASTRANGELO SL,2025-12-18,ENTREGADA
160,6,6369,ADG32 6369 VMASTRANGELO SL,Pagada,ALUBIX SL,2025-10-29,540055,8,2025/00012,3286.36,13812.15,2025-12-18,6369,ADG32 6369 VMASTRANGELO SL,2025-12-18,ENTREGADA
161,7,6369,ADG32 6369 VMASTRANGELO SL,Pagada,ROCALLA SA,2025-10-29,540058,12,2025/00009,4544.76,18356.91,2025-12-18,6369,ADG32 6369 VMASTRANGELO SL,2025-12-18,ENTREGADA
162,8,6369,ADG32 6369 VMASTRANGELO SL,Facturada,ALUBIX SL,2025-11-05,542280,9,2025/00013,3501.74,21858.65,2025-12-18,6369,ADG32 6369 VMASTRANGELO SL,2025-12-18,ENTREGADA
163,9,6369,ADG32 6369 VMASTRANGELO SL,Facturada,ROCALLA SA,2025-11-05,542281,13,2025/00014,4034.14,25892.79,2025-12-18,6369,ADG32 6369 VMASTRANGELO SL,2025-12-18,ENTREGADA
164,10,6369,ADG32 6369 VMASTRANGELO SL,Facturada,ALUBIX SL,2025-11-12,544972,10,2025/00015,3682.64,29575.43,2025-12-18,6369,ADG32 6369 VMASTRANGELO SL,2025-12-18,ENTREGADA
165,11,6369,ADG32 6369 VMASTRANGELO SL,Facturada,ROCALLA SA,2025-11-12,544977,17,2025/00015,4266.46,33841.89,2025-12-18,6369,ADG32 6369 VMASTRANGELO SL,2025-12-18,ENTREGADA
166,12,6369,ADG32 6369 VMASTRANGELO SL,Facturada,ALUBIX SL,2025-11-19,547924,12,2025/00017,3590.07,37431.96,2025-12-18,6369,ADG32 6369 VMASTRANGELO SL,2025-12-18,ENTREGADA
167,13,6369,ADG32 6369 VMASTRANGELO SL,Facturada,ROCALLA SA,2025-11-19,547925,21,2025/00017,4089.8,41521.76,2025-12-18,6369,ADG32 6369 VMASTRANGELO SL,2025-12-18,ENTREGADA
168,14,6369,ADG32 6369 VMASTRANGELO SL,Facturada,ALUBIX SL,2025-11-26,551192,16,2025/00020,3931.29,45453.05,2025-12-18,6369,ADG32 6369 VMASTRANGELO SL,2025-12-18,ENTREGADA
169,15,6369,ADG32 6369 VMASTRANGELO SL,Facturada,ROCALLA SA,2025-11-26,551194,26,2025/00022,4502.41,49955.46,2025-12-18,6369,ADG32 6369 VMASTRANGELO SL,2025-12-18,ENTREGADA
170,16,6369,ADG32 6369 VMASTRANGELO SL,Facturada,ALUBIX SL,2025-12-03,554275,20,2025/00024,3245.83,53201.29,2025-12-18,6369,ADG32 6369 VMASTRANGELO SL,2025-12-18,ENTREGADA
171,17,6369,ADG32 6369 VMASTRANGELO SL,Facturada,ROCALLA SA,2025-12-03,554280,30,2025/00027,4397.14,57598.43,2025-12-18,6369,ADG32 6369 VMASTRANGELO SL,2025-12-18,ENTREGADA
172,18,6369,ADG32 6369 VMASTRANGELO SL,Facturada,ROCALLA SA,2025-12-03,554380,35,2025/00030,65.34,57663.77,2025-12-18,6369,ADG32 6369 VMASTRANGELO SL,2025-12-18,ENTREGADA
173,19,6369,ADG32 6369 VMASTRANGELO SL,Facturada,ROCALLA SA,2025-12-10,556808,36,2025/00035,4440.7,62104.47,2025-12-18,6369,ADG32 6369 VMASTRANGELO SL,2025-12-18,ENTREGADA
174,20,6369,ADG32 6369 VMASTRANGELO SL,Facturada,ALUBIX SL,2025-12-10,556812,24,2025/00027,3415.83,65520.3,2025-12-18,6369,ADG32 6369 VMASTRANGELO SL,2025-12-18,ENTREGADA
175,21,6369,ADG32 6369 VMASTRANGELO SL,Pagada,ALUBIX SL,2025-12-17,560905,26,2025/00030,3581.6,69101.9,2025-12-18,6369,ADG32 6369 VMASTRANGELO SL,2025-12-18,ENTREGADA
176,22,6369,ADG32 6369 VMASTRANGELO SL,Pagada,ROCALLA SA,2025-12-17,560906,38,2025/00037,4262.83,73364.73,2025-12-18,6369,ADG32 6369 VMASTRANGELO SL,2025-12-18,ENTREGADA
177,23,6369,ADG32 6369 VMASTRANGELO SL,Pagada,ALUBIX SL,2025-12-24,561674,30,2025/00031,163.35,73528.08,2025-12-18,6369,ADG32 6369 VMASTRANGELO SL,2025-12-18,ENTREGADA
178,24,6369,ADG32 6369 VMASTRANGELO SL,Pagada,ROCALLA SA,2025-12-24,561676,42,2025/00042,153.67,73681.75,2025-12-18,6369,ADG32 6369 VMASTRANGELO SL,2025-12-18,ENTREGADA
179,1,6427,ADG32 6427 NANANOU SL,Pagada,ALUBIX SL,2025-10-17,535280,5,2025/00001,1352.78,1352.78,2025-12-30,6427,ADG32 6427 NANANOU SL,2025-12-30,ENTREGADA
180,2,6427,ADG32 6427 NANANOU SL,Pagada,ROCALLA SA,2025-10-17,535303,3,2025/00001,786.5,2139.28,2025-12-30,6427,ADG32 6427 NANANOU SL,2025-12-30,ENTREGADA
181,3,6427,ADG32 6427 NANANOU SL,Pagada,ALUBIX SL,2025-10-23,537782,7,2025/00005,4619.78,6759.06,2025-12-30,6427,ADG32 6427 NANANOU SL,2025-12-30,ENTREGADA
182,4,6427,ADG32 6427 NANANOU SL,Pagada,ROCALLA SA,2025-10-23,537785,6,2025/00004,2870.12,9629.18,2025-12-30,6427,ADG32 6427 NANANOU SL,2025-12-30,ENTREGADA
183,5,6427,ADG32 6427 NANANOU SL,Pagada,ALUBIX SL,2025-10-29,540130,8,2025/00007,4474.58,14103.76,2025-12-30,6427,ADG32 6427 NANANOU SL,2025-12-30,ENTREGADA
184,6,6427,ADG32 6427 NANANOU SL,Pagada,ROCALLA SA,2025-10-29,540132,8,2025/00005,2618.44,16722.2,2025-12-30,6427,ADG32 6427 NANANOU SL,2025-12-30,ENTREGADA
185,7,6427,ADG32 6427 NANANOU SL,Facturada,ALUBIX SL,2025-11-05,542342,9,2025/00010,5186.06,21908.26,2025-12-30,6427,ADG32 6427 NANANOU SL,2025-12-30,ENTREGADA
186,8,6427,ADG32 6427 NANANOU SL,Facturada,ROCALLA SA,2025-11-05,542345,11,2025/00006,3274.26,25182.52,2025-12-30,6427,ADG32 6427 NANANOU SL,2025-12-30,ENTREGADA
187,9,6427,ADG32 6427 NANANOU SL,Facturada,ALUBIX SL,2025-11-12,544987,13,2025/00014,4636.72,29819.24,2025-12-30,6427,ADG32 6427 NANANOU SL,2025-12-30,ENTREGADA
188,10,6427,ADG32 6427 NANANOU SL,Facturada,ROCALLA SA,2025-11-12,544989,15,2025/00010,2816.88,32636.12,2025-12-30,6427,ADG32 6427 NANANOU SL,2025-12-30,ENTREGADA
189,11,6427,ADG32 6427 NANANOU SL,Facturada,ALUBIX SL,2025-11-19,548604,18,2025/00018,4542.34,37178.46,2025-12-30,6427,ADG32 6427 NANANOU SL,2025-12-30,ENTREGADA
190,12,6427,ADG32 6427 NANANOU SL,Facturada,ROCALLA SA,2025-11-19,548605,16,2025/00011,3332.34,40510.8,2025-12-30,6427,ADG32 6427 NANANOU SL,2025-12-30,ENTREGADA
191,13,6427,ADG32 6427 NANANOU SL,Facturada,ALUBIX SL,2025-11-26,551241,20,2025/00022,4881.14,45391.94,2025-12-30,6427,ADG32 6427 NANANOU SL,2025-12-30,ENTREGADA
192,14,6427,ADG32 6427 NANANOU SL,Facturada,ROCALLA SA,2025-11-26,551246,20,2025/00014,3160.52,48552.46,2025-12-30,6427,ADG32 6427 NANANOU SL,2025-12-30,ENTREGADA
193,15,6427,ADG32 6427 NANANOU SL,Facturada,ALUBIX SL,2025-12-03,554338,25,2025/00024,4653.66,53206.12,2025-12-30,6427,ADG32 6427 NANANOU SL,2025-12-30,ENTREGADA
194,16,6427,ADG32 6427 NANANOU SL,Facturada,ROCALLA SA,2025-12-03,554339,22,2025/00018,2792.68,55998.8,2025-12-30,6427,ADG32 6427 NANANOU SL,2025-12-30,ENTREGADA
195,17,6427,ADG32 6427 NANANOU SL,Facturada,ALUBIX SL,2025-12-10,556848,29,2025/00028,5164.28,61163.08,2025-12-30,6427,ADG32 6427 NANANOU SL,2025-12-30,ENTREGADA
196,18,6427,ADG32 6427 NANANOU SL,Facturada,ROCALLA SA,2025-12-10,556854,24,2025/00021,3254.9,64417.98,2025-12-30,6427,ADG32 6427 NANANOU SL,2025-12-30,ENTREGADA
197,19,6427,ADG32 6427 NANANOU SL,Pagada,ALUBIX SL,2025-12-17,560936,31,2025/00029,4670.6,69088.58,2025-12-30,6427,ADG32 6427 NANANOU SL,2025-12-30,ENTREGADA
198,20,6427,ADG32 6427 NANANOU SL,Pagada,ROCALLA SA,2025-12-17,560937,27,2025/00026,2974.18,72062.76,2025-12-30,6427,ADG32 6427 NANANOU SL,2025-12-30,ENTREGADA
199,21,6427,ADG32 6427 NANANOU SL,Facturada,ALUBIX SL,2025-12-29,561701,32,2025/00031,171.82,72234.58,2025-12-30,6427,ADG32 6427 NANANOU SL,2025-12-30,ENTREGADA
200,22,6427,ADG32 6427 NANANOU SL,Facturada,ROCALLA SA,2025-12-29,561703,30,2025/00029,157.3,72391.88,2025-12-30,6427,ADG32 6427 NANANOU SL,2025-12-30,ENTREGADA
201,1,6428,ADG32 6428 ABOUBAL SL,Pagada,ALUBIX SL,2025-10-23,538001,3,2025/00003,5057.8,5057.8,2025-12-30,6428,ADG32 6428 ABOUBAL SL,2025-12-30,ENTREGADA
202,2,6428,ADG32 6428 ABOUBAL SL,Pagada,ROCALLA SA,2025-10-23,538002,5,2025/00001,5619.24,10677.04,2025-12-30,6428,ADG32 6428 ABOUBAL SL,2025-12-30,ENTREGADA
203,3,6428,ADG32 6428 ABOUBAL SL,Pagada,ALUBIX SL,2025-10-29,540108,8,2025/00008,3649.36,14326.4,2025-12-30,6428,ADG32 6428 ABOUBAL SL,2025-12-30,ENTREGADA
204,4,6428,ADG32 6428 ABOUBAL SL,Pagada,ROCALLA SA,2025-10-29,540109,6,2025/00004,4179.34,18505.74,2025-12-30,6428,ADG32 6428 ABOUBAL SL,2025-12-30,ENTREGADA
205,5,6428,ADG32 6428 ABOUBAL SL,Facturada,ALUBIX SL,2025-11-05,542319,10,2025/00010,4143.04,22648.78,2025-12-30,6428,ADG32 6428 ABOUBAL SL,2025-12-30,ENTREGADA
206,6,6428,ADG32 6428 ABOUBAL SL,Facturada,ROCALLA SA,2025-11-05,542322,8,2025/00005,3934.92,26583.7,2025-12-30,6428,ADG32 6428 ABOUBAL SL,2025-12-30,ENTREGADA
207,7,6428,ADG32 6428 ABOUBAL SL,Facturada,ALUBIX SL,2025-11-12,545025,11,2025/00015,3683.24,30266.94,2025-12-30,6428,ADG32 6428 ABOUBAL SL,2025-12-30,ENTREGADA
208,8,6428,ADG32 6428 ABOUBAL SL,Facturada,ROCALLA SA,2025-11-12,545027,11,2025/00010,3932.5,34199.44,2025-12-30,6428,ADG32 6428 ABOUBAL SL,2025-12-30,ENTREGADA
209,9,6428,ADG32 6428 ABOUBAL SL,Facturada,ALUBIX SL,2025-11-19,547912,16,2025/00016,4404.4,38603.84,2025-12-30,6428,ADG32 6428 ABOUBAL SL,2025-12-30,ENTREGADA
210,10,6428,ADG32 6428 ABOUBAL SL,Facturada,ROCALLA SA,2025-11-19,547914,14,2025/00013,4302.76,42906.6,2025-12-30,6428,ADG32 6428 ABOUBAL SL,2025-12-30,ENTREGADA
211,11,6428,ADG32 6428 ABOUBAL SL,Facturada,ALUBIX SL,2025-11-26,551342,17,2025/00021,3988.16,46894.76,2025-12-30,6428,ADG32 6428 ABOUBAL SL,2025-12-30,ENTREGADA
212,12,6428,ADG32 6428 ABOUBAL SL,Facturada,ROCALLA SA,2025-11-26,551345,19,2025/00015,4215.64,51110.4,2025-12-30,6428,ADG32 6428 ABOUBAL SL,2025-12-30,ENTREGADA
213,13,6428,ADG32 6428 ABOUBAL SL,Facturada,ALUBIX SL,2025-12-03,554308,20,2025/00026,3891.36,55001.76,2025-12-30,6428,ADG32 6428 ABOUBAL SL,2025-12-30,ENTREGADA
214,14,6428,ADG32 6428 ABOUBAL SL,Facturada,ROCALLA SA,2025-12-03,554312,21,2025/00018,3978.48,58980.24,2025-12-30,6428,ADG32 6428 ABOUBAL SL,2025-12-30,ENTREGADA
215,15,6428,ADG32 6428 ABOUBAL SL,Facturada,ALUBIX SL,2025-12-10,556977,25,2025/00030,3417.04,62397.28,2025-12-30,6428,ADG32 6428 ABOUBAL SL,2025-12-30,ENTREGADA
216,16,6428,ADG32 6428 ABOUBAL SL,Facturada,ROCALLA SA,2025-12-10,556981,24,2025/00020,4164.82,66562.1,2025-12-30,6428,ADG32 6428 ABOUBAL SL,2025-12-30,ENTREGADA
217,17,6428,ADG32 6428 ABOUBAL SL,Pagada,ALUBIX SL,2025-12-18,561157,28,2025/00031,3707.44,70269.54,2025-12-30,6428,ADG32 6428 ABOUBAL SL,2025-12-30,ENTREGADA
218,18,6428,ADG32 6428 ABOUBAL SL,Pagada,ROCALLA SA,2025-12-18,561158,28,2025/00025,3724.38,73993.92,2025-12-30,6428,ADG32 6428 ABOUBAL SL,2025-12-30,ENTREGADA
219,19,6428,ADG32 6428 ABOUBAL SL,Facturada,ALUBIX SL,2025-12-30,561714,31,2025/00034,164.56,74158.48,2025-12-30,6428,ADG32 6428 ABOUBAL SL,2025-12-30,ENTREGADA
220,20,6428,ADG32 6428 ABOUBAL SL,Facturada,ROCALLA SA,2025-12-30,561715,31,2025/00029,162.14,74320.62,2025-12-30,6428,ADG32 6428 ABOUBAL SL,2025-12-30,ENTREGADA
221,1,6431,ADG32 6431 GZOUGGAGHI SL,Pagada,ALUBIX SL,2025-10-17,535281,1,2025/00004,1287.44,1287.44,2025-12-30,6431,ADG32 6431 GZOUGGAGHI SL,2025-12-30,ENTREGADA
222,2,6431,ADG32 6431 GZOUGGAGHI SL,Pagada,ROCALLA SA,2025-10-17,535298,5,2025/00005,1345.52,2632.96,2025-12-30,6431,ADG32 6431 GZOUGGAGHI SL,2025-12-30,ENTREGADA
223,3,6431,ADG32 6431 GZOUGGAGHI SL,Pagada,ALUBIX SL,2025-10-22,537124,2,2025/00006,3165.36,5798.32,2025-12-30,6431,ADG32 6431 GZOUGGAGHI SL,2025-12-30,ENTREGADA
224,4,6431,ADG32 6431 GZOUGGAGHI SL,Pagada,ROCALLA SA,2025-10-22,537125,9,2025/00008,4019.62,9817.94,2025-12-30,6431,ADG32 6431 GZOUGGAGHI SL,2025-12-30,ENTREGADA
225,5,6431,ADG32 6431 GZOUGGAGHI SL,Pagada,ALUBIX SL,2025-10-29,540066,4,2025/00009,3472.7,13290.64,2025-12-30,6431,ADG32 6431 GZOUGGAGHI SL,2025-12-30,ENTREGADA
226,6,6431,ADG32 6431 GZOUGGAGHI SL,Pagada,ROCALLA SA,2025-10-29,540076,11,2025/00010,3726.8,17017.44,2025-12-30,6431,ADG32 6431 GZOUGGAGHI SL,2025-12-30,ENTREGADA
227,7,6431,ADG32 6431 GZOUGGAGHI SL,Facturada,ALUBIX SL,2025-11-05,542287,9,2025/00012,3661.46,20678.9,2025-12-30,6431,ADG32 6431 GZOUGGAGHI SL,2025-12-30,ENTREGADA
228,8,6431,ADG32 6431 GZOUGGAGHI SL,Facturada,ROCALLA SA,2025-11-05,542291,14,2025/00014,4048.66,24727.56,2025-12-30,6431,ADG32 6431 GZOUGGAGHI SL,2025-12-30,ENTREGADA
229,9,6431,ADG32 6431 GZOUGGAGHI SL,Facturada,ALUBIX SL,2025-11-12,545024,11,2025/00015,3552.56,28280.12,2025-12-30,6431,ADG32 6431 GZOUGGAGHI SL,2025-12-30,ENTREGADA
230,10,6431,ADG32 6431 GZOUGGAGHI SL,Facturada,ROCALLA SA,2025-11-12,545028,16,2025/00019,4135.78,32415.9,2025-12-30,6431,ADG32 6431 GZOUGGAGHI SL,2025-12-30,ENTREGADA
231,11,6431,ADG32 6431 GZOUGGAGHI SL,Facturada,ALUBIX SL,2025-11-19,547870,14,2025/00018,4034.14,36450.04,2025-12-30,6431,ADG32 6431 GZOUGGAGHI SL,2025-12-30,ENTREGADA
232,12,6431,ADG32 6431 GZOUGGAGHI SL,Facturada,ROCALLA SA,2025-11-19,547872,19,2025/00021,4075.28,40525.32,2025-12-30,6431,ADG32 6431 GZOUGGAGHI SL,2025-12-30,ENTREGADA
233,13,6431,ADG32 6431 GZOUGGAGHI SL,Facturada,ALUBIX SL,2025-11-26,551231,18,2025/00021,3467.86,43993.18,2025-12-30,6431,ADG32 6431 GZOUGGAGHI SL,2025-12-30,ENTREGADA
234,14,6431,ADG32 6431 GZOUGGAGHI SL,Facturada,ROCALLA SA,2025-11-26,551234,23,2025/00025,4285.82,48279.0,2025-12-30,6431,ADG32 6431 GZOUGGAGHI SL,2025-12-30,ENTREGADA
235,15,6431,ADG32 6431 GZOUGGAGHI SL,Facturada,ALUBIX SL,2025-12-03,554328,19,2025/00026,4164.82,52443.82,2025-12-30,6431,ADG32 6431 GZOUGGAGHI SL,2025-12-30,ENTREGADA
236,16,6431,ADG32 6431 GZOUGGAGHI SL,Facturada,ROCALLA SA,2025-12-03,554329,25,2025/00029,4456.43,56900.25,2025-12-30,6431,ADG32 6431 GZOUGGAGHI SL,2025-12-30,ENTREGADA
237,17,6431,ADG32 6431 GZOUGGAGHI SL,Facturada,ALUBIX SL,2025-12-10,556835,23,2025/00031,3930.08,60830.33,2025-12-30,6431,ADG32 6431 GZOUGGAGHI SL,2025-12-30,ENTREGADA
238,18,6431,ADG32 6431 GZOUGGAGHI SL,Facturada,ROCALLA SA,2025-12-10,556837,29,2025/00031,4622.2,65452.53,2025-12-30,6431,ADG32 6431 GZOUGGAGHI SL,2025-12-30,ENTREGADA
239,19,6431,ADG32 6431 GZOUGGAGHI SL,Pagada,ALUBIX SL,2025-12-17,560955,30,2025/00029,3872.0,69324.53,2025-12-30,6431,ADG32 6431 GZOUGGAGHI SL,2025-12-30,ENTREGADA
240,20,6431,ADG32 6431 GZOUGGAGHI SL,Pagada,ROCALLA SA,2025-12-17,560956,32,2025/00031,3191.98,72516.51,2025-12-30,6431,ADG32 6431 GZOUGGAGHI SL,2025-12-30,ENTREGADA
241,21,6431,ADG32 6431 GZOUGGAGHI SL,Facturada,ALUBIX SL,2025-12-28,561694,35,2025/00034,158.51,72675.02,2025-12-30,6431,ADG32 6431 GZOUGGAGHI SL,2025-12-30,ENTREGADA
242,22,6431,ADG32 6431 GZOUGGAGHI SL,Facturada,ROCALLA SA,2025-12-28,561695,35,2025/00034,158.51,72833.53,2025-12-30,6431,ADG32 6431 GZOUGGAGHI SL,2025-12-30,ENTREGADA
283,1,6702,ADG32 6702 NFORNES SL,Pagada,ALUBIX SL,2025-10-17,535287,3,2025/00004,1280.18,1280.18,2025-12-19,6702,ADG32 6702 NFORNES SL,2025-12-19,ENTREGADA
284,2,6702,ADG32 6702 NFORNES SL,Pagada,ROCALLA SA,2025-10-17,535310,2,2025/00004,878.46,2158.64,2025-12-19,6702,ADG32 6702 NFORNES SL,2025-12-19,ENTREGADA
285,3,6702,ADG32 6702 NFORNES SL,Pagada,ALUBIX SL,2025-10-22,537161,8,2025/00008,4735.94,6894.58,2025-12-19,6702,ADG32 6702 NFORNES SL,2025-12-19,ENTREGADA
286,4,6702,ADG32 6702 NFORNES SL,Pagada,ROCALLA SA,2025-10-22,537418,7,2025/00008,3204.08,10098.66,2025-12-19,6702,ADG32 6702 NFORNES SL,2025-12-19,ENTREGADA
287,5,6702,ADG32 6702 NFORNES SL,Pagada,ALUBIX SL,2025-10-29,540080,9,2025/00009,4460.06,14558.72,2025-12-19,6702,ADG32 6702 NFORNES SL,2025-12-19,ENTREGADA
288,6,6702,ADG32 6702 NFORNES SL,Pagada,ROCALLA SA,2025-10-29,540090,10,2025/00009,3300.88,17859.6,2025-12-19,6702,ADG32 6702 NFORNES SL,2025-12-19,ENTREGADA
289,7,6702,ADG32 6702 NFORNES SL,Facturada,ALUBIX SL,2025-11-05,542316,10,2025/00013,4256.78,22116.38,2025-12-19,6702,ADG32 6702 NFORNES SL,2025-12-19,ENTREGADA
290,8,6702,ADG32 6702 NFORNES SL,Facturada,ROCALLA SA,2025-11-05,542328,13,2025/00014,3015.32,25131.7,2025-12-19,6702,ADG32 6702 NFORNES SL,2025-12-19,ENTREGADA
291,9,6702,ADG32 6702 NFORNES SL,Facturada,ALUBIX SL,2025-11-12,545004,12,2025/00016,4455.22,29586.92,2025-12-19,6702,ADG32 6702 NFORNES SL,2025-12-19,ENTREGADA
292,10,6702,ADG32 6702 NFORNES SL,Facturada,ROCALLA SA,2025-11-12,545005,16,2025/00015,3317.82,32904.74,2025-12-19,6702,ADG32 6702 NFORNES SL,2025-12-19,ENTREGADA
293,11,6702,ADG32 6702 NFORNES SL,Facturada,ALUBIX SL,2025-11-19,547939,14,2025/00020,4789.18,37693.92,2025-12-19,6702,ADG32 6702 NFORNES SL,2025-12-19,ENTREGADA
294,12,6702,ADG32 6702 NFORNES SL,Facturada,ROCALLA SA,2025-11-19,547941,18,2025/00019,3373.48,41067.4,2025-12-19,6702,ADG32 6702 NFORNES SL,2025-12-19,ENTREGADA
295,13,6702,ADG32 6702 NFORNES SL,Facturada,ALUBIX SL,2025-11-26,551277,15,2025/00021,4675.44,45742.84,2025-12-19,6702,ADG32 6702 NFORNES SL,2025-12-19,ENTREGADA
296,14,6702,ADG32 6702 NFORNES SL,Facturada,ROCALLA SA,2025-11-26,551281,21,2025/00024,3150.84,48893.68,2025-12-19,6702,ADG32 6702 NFORNES SL,2025-12-19,ENTREGADA
297,15,6702,ADG32 6702 NFORNES SL,Facturada,ROCALLA SA,2025-12-03,554367,23,2025/00026,3358.96,52252.64,2025-12-19,6702,ADG32 6702 NFORNES SL,2025-12-19,ENTREGADA
298,16,6702,ADG32 6702 NFORNES SL,Facturada,ALUBIX SL,2025-12-03,554370,20,2025/00022,4614.94,56867.58,2025-12-19,6702,ADG32 6702 NFORNES SL,2025-12-19,ENTREGADA
299,17,6702,ADG32 6702 NFORNES SL,Facturada,ALUBIX SL,2025-12-10,556810,21,2025/00023,5094.1,61961.68,2025-12-19,6702,ADG32 6702 NFORNES SL,2025-12-19,ENTREGADA
300,18,6702,ADG32 6702 NFORNES SL,Facturada,ROCALLA SA,2025-12-10,556819,26,2025/00028,3228.28,65189.96,2025-12-19,6702,ADG32 6702 NFORNES SL,2025-12-19,ENTREGADA
301,19,6702,ADG32 6702 NFORNES SL,Pagada,ALUBIX SL,2025-12-18,561110,22,2025/00027,4692.38,69882.34,2025-12-19,6702,ADG32 6702 NFORNES SL,2025-12-19,ENTREGADA
302,20,6702,ADG32 6702 NFORNES SL,Pagada,ROCALLA SA,2025-12-18,561111,31,2025/00033,3267.0,73149.34,2025-12-19,6702,ADG32 6702 NFORNES SL,2025-12-19,ENTREGADA
303,21,6702,ADG32 6702 NFORNES SL,Facturada,ALUBIX SL,2025-12-29,561709,25,2025/00028,171.82,73321.16,2025-12-19,6702,ADG32 6702 NFORNES SL,2025-12-19,ENTREGADA
304,22,6702,ADG32 6702 NFORNES SL,Facturada,ROCALLA SA,2025-12-29,561710,35,2025/00036,162.14,73483.3,2025-12-19,6702,ADG32 6702 NFORNES SL,2025-12-19,ENTREGADA
305,1,6706,ADG32 6706 NSUIYHI SL,Pagada,ALUBIX SL,2025-10-17,535283,3,2025/00003,849.42,849.42,2025-12-19,6706,ADG32 6706 NSUIYHI SL,2025-12-19,ENTREGADA
306,2,6706,ADG32 6706 NSUIYHI SL,Pagada,ROCALLA SA,2025-10-17,535302,2,2025/00002,1582.68,2432.1,2025-12-19,6706,ADG32 6706 NSUIYHI SL,2025-12-19,ENTREGADA
307,3,6706,ADG32 6706 NSUIYHI SL,Pagada,ALUBIX SL,2025-10-22,537118,8,2025/00006,3869.58,6301.68,2025-12-19,6706,ADG32 6706 NSUIYHI SL,2025-12-19,ENTREGADA
308,4,6706,ADG32 6706 NSUIYHI SL,Pagada,ROCALLA SA,2025-10-22,537121,7,2025/00004,4464.9,10766.58,2025-12-19,6706,ADG32 6706 NSUIYHI SL,2025-12-19,ENTREGADA
309,5,6706,ADG32 6706 NSUIYHI SL,Pagada,ALUBIX SL,2025-10-29,540081,10,2025/00009,3862.32,14628.9,2025-12-19,6706,ADG32 6706 NSUIYHI SL,2025-12-19,ENTREGADA
310,6,6706,ADG32 6706 NSUIYHI SL,Pagada,ROCALLA SA,2025-10-29,540084,9,2025/00007,4123.68,18752.58,2025-12-19,6706,ADG32 6706 NSUIYHI SL,2025-12-19,ENTREGADA
311,7,6706,ADG32 6706 NSUIYHI SL,Facturada,ALUBIX SL,2025-11-05,542292,14,2025/00014,4486.68,23239.26,2025-12-19,6706,ADG32 6706 NSUIYHI SL,2025-12-19,ENTREGADA
312,8,6706,ADG32 6706 NSUIYHI SL,Facturada,ROCALLA SA,2025-11-05,542296,14,2025/00011,3477.54,26716.8,2025-12-19,6706,ADG32 6706 NSUIYHI SL,2025-12-19,ENTREGADA
313,9,6706,ADG32 6706 NSUIYHI SL,Facturada,ROCALLA SA,2025-11-12,545010,18,2025/00012,4268.88,30985.68,2025-12-19,6706,ADG32 6706 NSUIYHI SL,2025-12-19,ENTREGADA
314,10,6706,ADG32 6706 NSUIYHI SL,Facturada,ALUBIX SL,2025-11-12,545014,17,2025/00017,4094.64,35080.32,2025-12-19,6706,ADG32 6706 NSUIYHI SL,2025-12-19,ENTREGADA
315,11,6706,ADG32 6706 NSUIYHI SL,Facturada,ALUBIX SL,2025-11-19,547890,21,2025/00020,4297.92,39378.24,2025-12-19,6706,ADG32 6706 NSUIYHI SL,2025-12-19,ENTREGADA
316,12,6706,ADG32 6706 NSUIYHI SL,Facturada,ROCALLA SA,2025-11-19,547893,19,2025/00014,3659.04,43037.28,2025-12-19,6706,ADG32 6706 NSUIYHI SL,2025-12-19,ENTREGADA
317,13,6706,ADG32 6706 NSUIYHI SL,Facturada,ALUBIX SL,2025-11-26,551235,25,2025/00023,4646.4,47683.68,2025-12-19,6706,ADG32 6706 NSUIYHI SL,2025-12-19,ENTREGADA
318,14,6706,ADG32 6706 NSUIYHI SL,Facturada,ROCALLA SA,2025-11-26,551237,22,2025/00019,4414.08,52097.76,2025-12-19,6706,ADG32 6706 NSUIYHI SL,2025-12-19,ENTREGADA
319,15,6706,ADG32 6706 NSUIYHI SL,Facturada,ALUBIX SL,2025-12-03,554393,30,2025/00026,3731.64,55829.4,2025-12-19,6706,ADG32 6706 NSUIYHI SL,2025-12-19,ENTREGADA
320,16,6706,ADG32 6706 NSUIYHI SL,Facturada,ROCALLA SA,2025-12-03,554394,25,2025/00020,4443.12,60272.52,2025-12-19,6706,ADG32 6706 NSUIYHI SL,2025-12-19,ENTREGADA
321,17,6706,ADG32 6706 NSUIYHI SL,Facturada,ALUBIX SL,2025-12-10,556824,33,2025/00029,3615.48,63888.0,2025-12-19,6706,ADG32 6706 NSUIYHI SL,2025-12-19,ENTREGADA
322,18,6706,ADG32 6706 NSUIYHI SL,Facturada,ROCALLA SA,2025-12-10,556826,26,2025/00022,4014.78,67902.78,2025-12-19,6706,ADG32 6706 NSUIYHI SL,2025-12-19,ENTREGADA
323,19,6706,ADG32 6706 NSUIYHI SL,Pagada,ROCALLA SA,2025-12-18,561005,30,2025/00024,3346.86,71249.64,2025-12-19,6706,ADG32 6706 NSUIYHI SL,2025-12-19,ENTREGADA
324,20,6706,ADG32 6706 NSUIYHI SL,Pagada,ALUBIX SL,2025-12-18,561044,39,2025/00034,72.6,71322.24,2025-12-19,6706,ADG32 6706 NSUIYHI SL,2025-12-19,ENTREGADA
325,1,6707,ADG32 6707 MOUAZINE SL,Pagada,ALUBIX SL,2025-10-17,535286,1,2025/00003,1323.74,1323.74,2025-12-19,6707,ADG32 6707 MOUAZINE SL,2025-12-19,ENTREGADA
326,2,6707,ADG32 6707 MOUAZINE SL,Pagada,ROCALLA SA,2025-10-17,535292,2,2025/00004,1408.44,2732.18,2025-12-19,6707,ADG32 6707 MOUAZINE SL,2025-12-19,ENTREGADA
327,3,6707,ADG32 6707 MOUAZINE SL,Pagada,ALUBIX SL,2025-10-22,537117,3,2025/00007,4293.08,7025.26,2025-12-19,6707,ADG32 6707 MOUAZINE SL,2025-12-19,ENTREGADA
328,4,6707,ADG32 6707 MOUAZINE SL,Pagada,ROCALLA SA,2025-10-22,537120,6,2025/00009,4421.34,11446.6,2025-12-19,6707,ADG32 6707 MOUAZINE SL,2025-12-19,ENTREGADA
329,5,6707,ADG32 6707 MOUAZINE SL,Pagada,ALUBIX SL,2025-10-29,540095,6,2025/00012,4135.78,15582.38,2025-12-19,6707,ADG32 6707 MOUAZINE SL,2025-12-19,ENTREGADA
330,6,6707,ADG32 6707 MOUAZINE SL,Pagada,ROCALLA SA,2025-10-29,540100,10,2025/00014,4145.46,19727.84,2025-12-19,6707,ADG32 6707 MOUAZINE SL,2025-12-19,ENTREGADA
331,7,6707,ADG32 6707 MOUAZINE SL,Facturada,ALUBIX SL,2025-11-05,542288,10,2025/00017,3947.02,23674.86,2025-12-19,6707,ADG32 6707 MOUAZINE SL,2025-12-19,ENTREGADA
332,8,6707,ADG32 6707 MOUAZINE SL,Facturada,ROCALLA SA,2025-11-05,542298,15,2025/00017,4094.64,27769.5,2025-12-19,6707,ADG32 6707 MOUAZINE SL,2025-12-19,ENTREGADA
333,9,6707,ADG32 6707 MOUAZINE SL,Facturada,ALUBIX SL,2025-11-13,546110,13,2025/00020,3821.18,31590.68,2025-12-19,6707,ADG32 6707 MOUAZINE SL,2025-12-19,ENTREGADA
334,10,6707,ADG32 6707 MOUAZINE SL,Facturada,ROCALLA SA,2025-11-13,546111,16,2025/00020,3930.08,35520.76,2025-12-19,6707,ADG32 6707 MOUAZINE SL,2025-12-19,ENTREGADA
335,11,6707,ADG32 6707 MOUAZINE SL,Facturada,ROCALLA SA,2025-11-19,547926,19,2025/00022,3888.94,39409.7,2025-12-19,6707,ADG32 6707 MOUAZINE SL,2025-12-19,ENTREGADA
336,12,6707,ADG32 6707 MOUAZINE SL,Facturada,ALUBIX SL,2025-11-19,547927,18,2025/00021,3821.18,43230.88,2025-12-19,6707,ADG32 6707 MOUAZINE SL,2025-12-19,ENTREGADA
337,13,6707,ADG32 6707 MOUAZINE SL,Facturada,ALUBIX SL,2025-11-26,551207,21,2025/00025,4087.38,47318.26,2025-12-19,6707,ADG32 6707 MOUAZINE SL,2025-12-19,ENTREGADA
338,14,6707,ADG32 6707 MOUAZINE SL,Facturada,ROCALLA SA,2025-11-26,551214,24,2025/00024,4038.98,51357.24,2025-12-19,6707,ADG32 6707 MOUAZINE SL,2025-12-19,ENTREGADA
339,15,6707,ADG32 6707 MOUAZINE SL,Facturada,ROCALLA SA,2025-12-03,554319,28,2025/00028,4014.78,55372.02,2025-12-19,6707,ADG32 6707 MOUAZINE SL,2025-12-19,ENTREGADA
340,16,6707,ADG32 6707 MOUAZINE SL,Facturada,ALUBIX SL,2025-12-03,554373,22,2025/00029,4026.88,59398.9,2025-12-19,6707,ADG32 6707 MOUAZINE SL,2025-12-19,ENTREGADA
341,17,6707,ADG32 6707 MOUAZINE SL,Facturada,ALUBIX SL,2025-12-10,556885,25,2025/00031,4290.66,63689.56,2025-12-19,6707,ADG32 6707 MOUAZINE SL,2025-12-19,ENTREGADA
342,18,6707,ADG32 6707 MOUAZINE SL,Facturada,ROCALLA SA,2025-12-10,556887,33,2025/00031,3961.54,67651.1,2025-12-19,6707,ADG32 6707 MOUAZINE SL,2025-12-19,ENTREGADA
343,19,6707,ADG32 6707 MOUAZINE SL,Pagada,ALUBIX SL,2025-12-18,561003,29,2025/00033,4205.96,71857.06,2025-12-19,6707,ADG32 6707 MOUAZINE SL,2025-12-19,ENTREGADA
344,20,6707,ADG32 6707 MOUAZINE SL,Pagada,ROCALLA SA,2025-12-18,561006,37,2025/00036,4433.44,76290.5,2025-12-19,6707,ADG32 6707 MOUAZINE SL,2025-12-19,ENTREGADA
345,21,6707,ADG32 6707 MOUAZINE SL,Facturada,ALUBIX SL,2025-12-30,561716,33,2025/00038,162.14,76452.64,2025-12-19,6707,ADG32 6707 MOUAZINE SL,2025-12-19,ENTREGADA
346,22,6707,ADG32 6707 MOUAZINE SL,Facturada,ROCALLA SA,2025-12-30,561717,38,2025/00039,157.3,76609.94,2025-12-19,6707,ADG32 6707 MOUAZINE SL,2025-12-19,ENTREGADA
368,1,6734,ADG32 6734 LABOLAFIO SL,Pagada,ALUBIX SL,2025-10-17,535289,2,2025/00001,1638.34,1638.34,2025-12-19,6734,ADG32 6734 LABOLAFIO SL,2025-12-19,ENTREGADA
369,2,6734,ADG32 6734 LABOLAFIO SL,Pagada,ROCALLA SA,2025-10-17,535311,3,2025/00003,1089.0,2727.34,2025-12-19,6734,ADG32 6734 LABOLAFIO SL,2025-12-19,ENTREGADA
370,3,6734,ADG32 6734 LABOLAFIO SL,Pagada,ALUBIX SL,2025-10-23,537776,7,2025/00002,4704.48,7431.82,2025-12-19,6734,ADG32 6734 LABOLAFIO SL,2025-12-19,ENTREGADA
371,4,6734,ADG32 6734 LABOLAFIO SL,Pagada,ROCALLA SA,2025-10-23,537778,8,2025/00006,3315.4,10747.22,2025-12-19,6734,ADG32 6734 LABOLAFIO SL,2025-12-19,ENTREGADA
372,5,6734,ADG32 6734 LABOLAFIO SL,Pagada,ALUBIX SL,2025-10-29,540135,12,2025/00007,4481.84,15229.06,2025-12-19,6734,ADG32 6734 LABOLAFIO SL,2025-12-19,ENTREGADA
373,6,6734,ADG32 6734 LABOLAFIO SL,Pagada,ROCALLA SA,2025-10-29,540136,10,2025/00010,3000.8,18229.86,2025-12-19,6734,ADG32 6734 LABOLAFIO SL,2025-12-19,ENTREGADA
374,7,6734,ADG32 6734 LABOLAFIO SL,Facturada,ALUBIX SL,2025-11-05,542340,17,2025/00008,5164.28,23394.14,2025-12-19,6734,ADG32 6734 LABOLAFIO SL,2025-12-19,ENTREGADA
375,8,6734,ADG32 6734 LABOLAFIO SL,Facturada,ROCALLA SA,2025-11-05,542341,11,2025/00014,3521.1,26915.24,2025-12-19,6734,ADG32 6734 LABOLAFIO SL,2025-12-19,ENTREGADA
376,9,6734,ADG32 6734 LABOLAFIO SL,Facturada,ALUBIX SL,2025-11-12,545007,20,2025/00010,4694.8,31610.04,2025-12-19,6734,ADG32 6734 LABOLAFIO SL,2025-12-19,ENTREGADA
377,10,6734,ADG32 6734 LABOLAFIO SL,Facturada,ROCALLA SA,2025-11-12,545011,15,2025/00019,3273.05,34883.09,2025-12-19,6734,ADG32 6734 LABOLAFIO SL,2025-12-19,ENTREGADA
378,11,6734,ADG32 6734 LABOLAFIO SL,Facturada,ALUBIX SL,2025-11-20,548618,24,2025/00014,5103.78,39986.87,2025-12-19,6734,ADG32 6734 LABOLAFIO SL,2025-12-19,ENTREGADA
379,12,6734,ADG32 6734 LABOLAFIO SL,Facturada,ROCALLA SA,2025-11-20,548619,20,2025/00020,3067.35,43054.22,2025-12-19,6734,ADG32 6734 LABOLAFIO SL,2025-12-19,ENTREGADA
380,13,6734,ADG32 6734 LABOLAFIO SL,Facturada,ALUBIX SL,2025-11-26,551239,30,2025/00019,5055.38,48109.6,2025-12-19,6734,ADG32 6734 LABOLAFIO SL,2025-12-19,ENTREGADA
381,14,6734,ADG32 6734 LABOLAFIO SL,Facturada,ROCALLA SA,2025-11-26,551242,23,2025/00021,3763.1,51872.7,2025-12-19,6734,ADG32 6734 LABOLAFIO SL,2025-12-19,ENTREGADA
382,15,6734,ADG32 6734 LABOLAFIO SL,Facturada,ALUBIX SL,2025-11-26,551322,34,2025/00020,522.72,52395.42,2025-12-19,6734,ADG32 6734 LABOLAFIO SL,2025-12-19,ENTREGADA
383,16,6734,ADG32 6734 LABOLAFIO SL,Facturada,ALUBIX SL,2025-12-03,554320,36,2025/00024,4549.6,56945.02,2025-12-19,6734,ADG32 6734 LABOLAFIO SL,2025-12-19,ENTREGADA
384,17,6734,ADG32 6734 LABOLAFIO SL,Facturada,ROCALLA SA,2025-12-03,554322,24,2025/00022,3557.4,60502.42,2025-12-19,6734,ADG32 6734 LABOLAFIO SL,2025-12-19,ENTREGADA
385,18,6734,ADG32 6734 LABOLAFIO SL,Facturada,ALUBIX SL,2025-12-10,556830,41,2025/00025,5052.96,65555.38,2025-12-19,6734,ADG32 6734 LABOLAFIO SL,2025-12-19,ENTREGADA
386,19,6734,ADG32 6734 LABOLAFIO SL,Facturada,ROCALLA SA,2025-12-10,556836,25,2025/00026,3267.0,68822.38,2025-12-19,6734,ADG32 6734 LABOLAFIO SL,2025-12-19,ENTREGADA
387,20,6734,ADG32 6734 LABOLAFIO SL,Pagada,ALUBIX SL,2025-12-17,560857,43,2025/00026,4510.88,73333.26,2025-12-19,6734,ADG32 6734 LABOLAFIO SL,2025-12-19,ENTREGADA
388,21,6734,ADG32 6734 LABOLAFIO SL,Pagada,ROCALLA SA,2025-12-17,560858,27,2025/00031,3236.75,76570.01,2025-12-19,6734,ADG32 6734 LABOLAFIO SL,2025-12-19,ENTREGADA
389,22,6734,ADG32 6734 LABOLAFIO SL,Pagada,ALUBIX SL,2025-12-24,561678,44,2025/00028,171.82,76741.83,2025-12-19,6734,ADG32 6734 LABOLAFIO SL,2025-12-19,ENTREGADA
390,23,6734,ADG32 6734 LABOLAFIO SL,Pagada,ROCALLA SA,2025-12-24,561679,30,2025/00035,163.35,76905.18,2025-12-19,6734,ADG32 6734 LABOLAFIO SL,2025-12-19,ENTREGADA
391,1,6746,ADG32 6746 ELLADO SL,Pagada,ALUBIX SL,2025-10-17,535290,2,2025/00001,1074.48,1074.48,2025-12-19,6746,ADG32 6746 ELLADO SL,2025-12-19,ENTREGADA
392,2,6746,ADG32 6746 ELLADO SL,Pagada,ROCALLA SA,2025-10-17,535301,3,2025/00002,1422.96,2497.44,2025-12-19,6746,ADG32 6746 ELLADO SL,2025-12-19,ENTREGADA
393,3,6746,ADG32 6746 ELLADO SL,Pagada,ALUBIX SL,2025-10-22,537076,3,2025/00005,3765.52,6262.96,2025-12-19,6746,ADG32 6746 ELLADO SL,2025-12-19,ENTREGADA
394,4,6746,ADG32 6746 ELLADO SL,Pagada,ROCALLA SA,2025-10-22,537079,8,2025/00004,4639.14,10902.1,2025-12-19,6746,ADG32 6746 ELLADO SL,2025-12-19,ENTREGADA
395,5,6746,ADG32 6746 ELLADO SL,Pagada,ROCALLA SA,2025-10-29,540062,11,2025/00006,4711.74,15613.84,2025-12-19,6746,ADG32 6746 ELLADO SL,2025-12-19,ENTREGADA
396,6,6746,ADG32 6746 ELLADO SL,Pagada,ALUBIX SL,2025-10-29,540063,6,2025/00008,3494.48,19108.32,2025-12-19,6746,ADG32 6746 ELLADO SL,2025-12-19,ENTREGADA
397,7,6746,ADG32 6746 ELLADO SL,Facturada,ALUBIX SL,2025-11-05,542286,10,2025/00012,3627.58,22735.9,2025-12-19,6746,ADG32 6746 ELLADO SL,2025-12-19,ENTREGADA
398,8,6746,ADG32 6746 ELLADO SL,Facturada,ROCALLA SA,2025-11-05,542289,15,2025/00010,4227.74,26963.64,2025-12-19,6746,ADG32 6746 ELLADO SL,2025-12-19,ENTREGADA
399,9,6746,ADG32 6746 ELLADO SL,Facturada,ALUBIX SL,2025-11-12,544968,14,2025/00014,3588.86,30552.5,2025-12-19,6746,ADG32 6746 ELLADO SL,2025-12-19,ENTREGADA
400,10,6746,ADG32 6746 ELLADO SL,Facturada,ROCALLA SA,2025-11-12,544970,17,2025/00013,4480.63,35033.13,2025-12-19,6746,ADG32 6746 ELLADO SL,2025-12-19,ENTREGADA
401,11,6746,ADG32 6746 ELLADO SL,Facturada,ALUBIX SL,2025-11-19,547907,15,2025/00017,3119.38,38152.51,2025-12-19,6746,ADG32 6746 ELLADO SL,2025-12-19,ENTREGADA
402,12,6746,ADG32 6746 ELLADO SL,Facturada,ROCALLA SA,2025-11-19,547908,22,2025/00018,4341.48,42493.99,2025-12-19,6746,ADG32 6746 ELLADO SL,2025-12-19,ENTREGADA
403,13,6746,ADG32 6746 ELLADO SL,Facturada,ROCALLA SA,2025-11-26,551255,27,2025/00021,4254.36,46748.35,2025-12-19,6746,ADG32 6746 ELLADO SL,2025-12-19,ENTREGADA
404,14,6746,ADG32 6746 ELLADO SL,Facturada,ALUBIX SL,2025-11-26,551258,18,2025/00023,3075.82,49824.17,2025-12-19,6746,ADG32 6746 ELLADO SL,2025-12-19,ENTREGADA
405,15,6746,ADG32 6746 ELLADO SL,Facturada,ALUBIX SL,2025-11-26,551297,21,2025/00019,36.3,49860.47,2025-12-19,6746,ADG32 6746 ELLADO SL,2025-12-19,ENTREGADA
406,16,6746,ADG32 6746 ELLADO SL,Facturada,ALUBIX SL,2025-12-03,554296,24,2025/00027,3569.5,53429.97,2025-12-19,6746,ADG32 6746 ELLADO SL,2025-12-19,ENTREGADA
407,17,6746,ADG32 6746 ELLADO SL,Facturada,ROCALLA SA,2025-12-03,554298,30,2025/00024,4464.9,57894.87,2025-12-19,6746,ADG32 6746 ELLADO SL,2025-12-19,ENTREGADA
408,18,6746,ADG32 6746 ELLADO SL,Facturada,ALUBIX SL,2025-12-10,556829,27,2025/00030,4157.56,62052.43,2025-12-19,6746,ADG32 6746 ELLADO SL,2025-12-19,ENTREGADA
409,19,6746,ADG32 6746 ELLADO SL,Facturada,ROCALLA SA,2025-12-10,556832,34,2025/00028,4798.86,66851.29,2025-12-19,6746,ADG32 6746 ELLADO SL,2025-12-19,ENTREGADA
410,1,6777,ADG32 6777 JGARCIA SL,Pagada,ALUBIX SL,2025-10-17,535277,5,2025/00005,1476.2,1476.2,2025-12-19,6777,ADG32 6777 JGARCIA SL,2025-12-19,ENTREGADA
411,2,6777,ADG32 6777 JGARCIA SL,Pagada,ROCALLA SA,2025-10-17,535305,3,2025/00003,1577.84,3054.04,2025-12-19,6777,ADG32 6777 JGARCIA SL,2025-12-19,ENTREGADA
412,3,6777,ADG32 6777 JGARCIA SL,Pagada,ALUBIX SL,2025-10-22,537194,9,2025/00009,4036.56,7090.6,2025-12-19,6777,ADG32 6777 JGARCIA SL,2025-12-19,ENTREGADA
413,4,6777,ADG32 6777 JGARCIA SL,Pagada,ROCALLA SA,2025-10-22,537198,8,2025/00005,3869.58,10960.18,2025-12-19,6777,ADG32 6777 JGARCIA SL,2025-12-19,ENTREGADA
414,5,6777,ADG32 6777 JGARCIA SL,Pagada,ALUBIX SL,2025-10-29,540075,13,2025/00012,3976.06,14936.24,2025-12-19,6777,ADG32 6777 JGARCIA SL,2025-12-19,ENTREGADA
415,6,6777,ADG32 6777 JGARCIA SL,Pagada,ROCALLA SA,2025-10-29,540085,10,2025/00007,4385.04,19321.28,2025-12-19,6777,ADG32 6777 JGARCIA SL,2025-12-19,ENTREGADA
416,7,6777,ADG32 6777 JGARCIA SL,Facturada,ALUBIX SL,2025-11-05,542309,15,2025/00015,3492.06,22813.34,2025-12-19,6777,ADG32 6777 JGARCIA SL,2025-12-19,ENTREGADA
417,8,6777,ADG32 6777 JGARCIA SL,Facturada,ROCALLA SA,2025-11-05,542314,14,2025/00008,4031.72,26845.06,2025-12-19,6777,ADG32 6777 JGARCIA SL,2025-12-19,ENTREGADA
418,9,6777,ADG32 6777 JGARCIA SL,Facturada,ALUBIX SL,2025-11-12,544969,20,2025/00017,4097.06,30942.12,2025-12-19,6777,ADG32 6777 JGARCIA SL,2025-12-19,ENTREGADA
419,10,6777,ADG32 6777 JGARCIA SL,Facturada,ROCALLA SA,2025-11-12,544971,16,2025/00012,3901.04,34843.16,2025-12-19,6777,ADG32 6777 JGARCIA SL,2025-12-19,ENTREGADA
420,11,6777,ADG32 6777 JGARCIA SL,Facturada,ALUBIX SL,2025-11-19,547910,24,2025/00019,4266.46,39109.62,2025-12-19,6777,ADG32 6777 JGARCIA SL,2025-12-19,ENTREGADA
421,12,6777,ADG32 6777 JGARCIA SL,Facturada,ROCALLA SA,2025-11-19,547913,19,2025/00015,4259.2,43368.82,2025-12-19,6777,ADG32 6777 JGARCIA SL,2025-12-19,ENTREGADA
422,13,6777,ADG32 6777 JGARCIA SL,Facturada,ALUBIX SL,2025-11-26,551269,26,2025/00021,3939.76,47308.58,2025-12-19,6777,ADG32 6777 JGARCIA SL,2025-12-19,ENTREGADA
423,14,6777,ADG32 6777 JGARCIA SL,Facturada,ROCALLA SA,2025-11-26,551274,23,2025/00016,4293.08,51601.66,2025-12-19,6777,ADG32 6777 JGARCIA SL,2025-12-19,ENTREGADA
424,15,6777,ADG32 6777 JGARCIA SL,Facturada,ALUBIX SL,2025-12-03,554279,30,2025/00024,3782.46,55384.12,2025-12-19,6777,ADG32 6777 JGARCIA SL,2025-12-19,ENTREGADA
425,16,6777,ADG32 6777 JGARCIA SL,Facturada,ROCALLA SA,2025-12-03,554284,24,2025/00017,3639.68,59023.8,2025-12-19,6777,ADG32 6777 JGARCIA SL,2025-12-19,ENTREGADA
426,17,6777,ADG32 6777 JGARCIA SL,Facturada,ALUBIX SL,2025-12-10,556840,35,2025/00027,3927.66,62951.46,2025-12-19,6777,ADG32 6777 JGARCIA SL,2025-12-19,ENTREGADA
427,18,6777,ADG32 6777 JGARCIA SL,Facturada,ROCALLA SA,2025-12-10,556842,26,2025/00019,3736.48,66687.94,2025-12-19,6777,ADG32 6777 JGARCIA SL,2025-12-19,ENTREGADA
428,19,6777,ADG32 6777 JGARCIA SL,Pagada,ALUBIX SL,2025-12-18,561008,37,2025/00029,2991.12,69679.06,2025-12-19,6777,ADG32 6777 JGARCIA SL,2025-12-19,ENTREGADA
429,20,6777,ADG32 6777 JGARCIA SL,Pagada,ROCALLA SA,2025-12-18,561010,30,2025/00023,4256.78,73935.84,2025-12-19,6777,ADG32 6777 JGARCIA SL,2025-12-19,ENTREGADA
430,21,6777,ADG32 6777 JGARCIA SL,Pagada,ALUBIX SL,2025-12-19,561428,41,2025/00033,992.2,74928.04,2025-12-19,6777,ADG32 6777 JGARCIA SL,2025-12-19,ENTREGADA
431,22,6777,ADG32 6777 JGARCIA SL,Pagada,ROCALLA SA,2025-12-19,561429,32,2025/00024,1602.04,76530.08,2025-12-19,6777,ADG32 6777 JGARCIA SL,2025-12-19,ENTREGADA
432,23,6777,ADG32 6777 JGARCIA SL,Facturada,ALUBIX SL,2025-12-29,561698,45,2025/00038,159.72,76689.8,2025-12-19,6777,ADG32 6777 JGARCIA SL,2025-12-19,ENTREGADA
433,24,6777,ADG32 6777 JGARCIA SL,Facturada,ROCALLA SA,2025-12-29,561699,35,2025/00026,159.72,76849.52,2025-12-19,6777,ADG32 6777 JGARCIA SL,2025-12-19,ENTREGADA
467,1,6844,ADG32 6844 TTRAMULLAS SL,Pagada,ALUBIX SL,2025-10-17,535279,1,2025/00001,1488.3,1488.3,2025-12-19,6844,ADG32 6844 TTRAMULLAS SL,2025-12-19,ENTREGADA
468,2,6844,ADG32 6844 TTRAMULLAS SL,Pagada,ROCALLA SA,2025-10-17,535297,4,2025/00002,1205.16,2693.46,2025-12-19,6844,ADG32 6844 TTRAMULLAS SL,2025-12-19,ENTREGADA
469,3,6844,ADG32 6844 TTRAMULLAS SL,Pagada,ALUBIX SL,2025-10-22,537107,2,2025/00005,6824.4,9517.86,2025-12-19,6844,ADG32 6844 TTRAMULLAS SL,2025-12-19,ENTREGADA
470,4,6844,ADG32 6844 TTRAMULLAS SL,Pagada,ROCALLA SA,2025-10-22,537110,8,2025/00003,3550.14,13068.0,2025-12-19,6844,ADG32 6844 TTRAMULLAS SL,2025-12-19,ENTREGADA
471,5,6844,ADG32 6844 TTRAMULLAS SL,Pagada,ALUBIX SL,2025-10-29,540068,5,2025/00007,2432.1,15500.1,2025-12-19,6844,ADG32 6844 TTRAMULLAS SL,2025-12-19,ENTREGADA
472,6,6844,ADG32 6844 TTRAMULLAS SL,Pagada,ROCALLA SA,2025-10-29,540071,10,2025/00006,3315.4,18815.5,2025-12-19,6844,ADG32 6844 TTRAMULLAS SL,2025-12-19,ENTREGADA
473,7,6844,ADG32 6844 TTRAMULLAS SL,Facturada,ALUBIX SL,2025-11-05,542294,10,2025/00011,4731.1,23546.6,2025-12-19,6844,ADG32 6844 TTRAMULLAS SL,2025-12-19,ENTREGADA
474,8,6844,ADG32 6844 TTRAMULLAS SL,Facturada,ROCALLA SA,2025-11-05,542295,11,2025/00009,3396.47,26943.07,2025-12-19,6844,ADG32 6844 TTRAMULLAS SL,2025-12-19,ENTREGADA
475,9,6844,ADG32 6844 TTRAMULLAS SL,Facturada,ALUBIX SL,2025-11-12,545009,14,2025/00012,4634.3,31577.37,2025-12-19,6844,ADG32 6844 TTRAMULLAS SL,2025-12-19,ENTREGADA
476,10,6844,ADG32 6844 TTRAMULLAS SL,Facturada,ROCALLA SA,2025-11-12,545013,12,2025/00013,3512.63,35090.0,2025-12-19,6844,ADG32 6844 TTRAMULLAS SL,2025-12-19,ENTREGADA
477,11,6844,ADG32 6844 TTRAMULLAS SL,Facturada,ALUBIX SL,2025-11-19,547930,15,2025/00014,4900.5,39990.5,2025-12-19,6844,ADG32 6844 TTRAMULLAS SL,2025-12-19,ENTREGADA
478,12,6844,ADG32 6844 TTRAMULLAS SL,Facturada,ROCALLA SA,2025-11-19,547932,16,2025/00015,4014.78,44005.28,2025-12-19,6844,ADG32 6844 TTRAMULLAS SL,2025-12-19,ENTREGADA
479,13,6844,ADG32 6844 TTRAMULLAS SL,Facturada,ALUBIX SL,2025-11-26,551230,20,2025/00017,3847.8,47853.08,2025-12-19,6844,ADG32 6844 TTRAMULLAS SL,2025-12-19,ENTREGADA
480,14,6844,ADG32 6844 TTRAMULLAS SL,Facturada,ROCALLA SA,2025-11-26,551233,17,2025/00019,2965.71,50818.79,2025-12-19,6844,ADG32 6844 TTRAMULLAS SL,2025-12-19,ENTREGADA
481,15,6844,ADG32 6844 TTRAMULLAS SL,Facturada,ALUBIX SL,2025-12-05,555605,21,2025/00021,5336.1,56154.89,2025-12-19,6844,ADG32 6844 TTRAMULLAS SL,2025-12-19,ENTREGADA
482,16,6844,ADG32 6844 TTRAMULLAS SL,Facturada,ROCALLA SA,2025-12-05,555606,18,2025/00020,3587.65,59742.54,2025-12-19,6844,ADG32 6844 TTRAMULLAS SL,2025-12-19,ENTREGADA
483,17,6844,ADG32 6844 TTRAMULLAS SL,Facturada,ALUBIX SL,2025-12-10,556831,25,2025/00025,4876.3,64618.84,2025-12-19,6844,ADG32 6844 TTRAMULLAS SL,2025-12-19,ENTREGADA
484,18,6844,ADG32 6844 TTRAMULLAS SL,Facturada,ROCALLA SA,2025-12-10,556833,21,2025/00022,3421.88,68040.72,2025-12-19,6844,ADG32 6844 TTRAMULLAS SL,2025-12-19,ENTREGADA
485,19,6844,ADG32 6844 TTRAMULLAS SL,Pagada,ALUBIX SL,2025-12-19,561458,26,2025/00028,5832.2,73872.92,2025-12-19,6844,ADG32 6844 TTRAMULLAS SL,2025-12-19,ENTREGADA
486,20,6844,ADG32 6844 TTRAMULLAS SL,Pagada,ROCALLA SA,2025-12-19,561461,25,2025/00025,2971.76,76844.68,2025-12-19,6844,ADG32 6844 TTRAMULLAS SL,2025-12-19,ENTREGADA
