A_IDTOTS_CA,A_CLAU_UNICA_CA,A_ID_CA,A_EXPEDIENT_CA,A_EMPRESA_CA,A_REF_ODOO_CA,A_FECHA_ALTA_ODOO_CA,A_NUMERO_CA,A_FECHA_EMISION_CA,A_PROVEEDOR_CA,A_ORIGEN_CA,A_IMPORTE_CA,A_ACUMULADO_CA,A_ESTADO_CA
1,5796-C-C/00001,1,5796,ADG32 5796 NSACARES SL,MGZ01/ENTRA/00001,2025-10-17,5,2025-10-17,ROCALLA SA,C-C/00001,1314.06,1314.06,Hecho
2,5796-C-C/00002,2,5796,ADG32 5796 NSACARES SL,MGZ01/ENTRA/00002,2025-10-17,1,2025-10-17,ALUBIX SL,C-C/00002,1130.14,2444.20,Hecho
3,5796-C-C/00003,3,5796,ADG32 5796 NSACARES SL,MGZ01/ENTRA/00004,2025-10-22,10,2025-10-22,ALUBIX SL,C-C/00003,3714.70,6158.90,Hecho
4,5796-C-C/00004,4,5796,ADG32 5796 NSACARES SL,MGZ01/ENTRA/00005,2025-10-22,10,2025-10-22,ROCALLA SA,C-C/00004,4319.70,10478.60,Hecho
5,5796-C-C/00005,5,5796,ADG32 5796 NSACARES SL,MGZ01/ENTRA/00007,2025-10-29,13,2025-10-29,ALUBIX SL,C-C/00005,3780.04,14258.64,Hecho
6,5796-C-C/00006,6,5796,ADG32 5796 NSACARES SL,MGZ01/ENTRA/00008,2025-10-29,15,2025-10-29,ROCALLA SA,C-C/00006,4126.10,18384.74,Hecho
7,5796-C-C/00007,7,5796,ADG32 5796 NSACARES SL,MGZ01/ENTRA/00009,2025-11-05,17,2025-11-05,ALUBIX SL,C-C/00007,3523.52,21908.26,Hecho
8,5796-C-C/00008,8,5796,ADG32 5796 NSACARES SL,MGZ01/ENTRA/00010,2025-11-05,17,2025-11-05,ROCALLA SA,C-C/00008,4467.32,26375.58,Hecho
9,5796-C-C/00009,9,5796,ADG32 5796 NSACARES SL,MGZ01/ENTRA/00011,2025-11-12,18,2025-11-12,ROCALLA SA,C-C/00009,4481.84,30857.42,Hecho
10,5796-C-C/00010,10,5796,ADG32 5796 NSACARES SL,MGZ01/ENTRA/00012,2025-11-12,20,2025-11-12,ALUBIX SL,C-C/00010,4038.98,34896.40,Hecho
11,5796-C-C/00011,11,5796,ADG32 5796 NSACARES SL,MGZ01/ENTRA/00013,2025-11-19,22,2025-11-19,ROCALLA SA,C-C/00011,3574.34,38470.74,Hecho
12,5796-C-C/00012,12,5796,ADG32 5796 NSACARES SL,MGZ01/ENTRA/00014,2025-11-19,22,2025-11-19,ALUBIX SL,C-C/00012,3518.68,41989.42,Hecho
13,5796-C-C/00013,13,5796,ADG32 5796 NSACARES SL,MGZ01/ENTRA/00015,2025-11-26,27,2025-11-26,ROCALLA SA,C-C/00013,3947.02,45936.44,Hecho
14,5796-C-C/00014,14,5796,ADG32 5796 NSACARES SL,MGZ01/ENTRA/00016,2025-11-26,23,2025-11-26,ALUBIX SL,C-C/00014,3695.34,49631.78,Hecho
15,5796-C-C/00015,15,5796,ADG32 5796 NSACARES SL,MGZ01/ENTRA/00018,2025-12-04,31,2025-12-03,ROCALLA SA,C-C/00015,4157.56,53789.34,Hecho
16,5796-C-C/00016,16,5796,ADG32 5796 NSACARES SL,MGZ01/ENTRA/00019,2025-12-04,27,2025-12-03,ALUBIX SL,C-C/00016,3605.80,57395.14,Hecho
17,5796-C-C/00018,17,5796,ADG32 5796 NSACARES SL,MGZ01/ENTRA/00022,2025-12-11,32,2025-12-10,ROCALLA SA,C-C/00018,4414.08,61809.22,Hecho
18,5796-C-C/00019,18,5796,ADG32 5796 NSACARES SL,MGZ01/ENTRA/00023,2025-12-11,30,2025-12-10,ALUBIX SL,C-C/00019,3780.04,65589.26,Hecho
19,5796-C-C/00020,19,5796,ADG32 5796 NSACARES SL,MGZ01/ENTRA/00024,2025-12-18,33,2025-12-17,ALUBIX SL,C-C/00020,3927.66,69516.92,Hecho
20,5796-C-C/00021,20,5796,ADG32 5796 NSACARES SL,MGZ01/ENTRA/00025,2025-12-18,35,2025-12-17,ROCALLA SA,C-C/00021,4307.60,73824.52,Hecho
21,6265-C-C/00001,1,6265,ADG32 6265 SMORENO SL,MGZ01/ENTRA/00001,2025-10-17,5,2025-10-17,ALUBIX SL,C-C/00001,1274.13,1274.13,Hecho
22,6265-C-C/00002,2,6265,ADG32 6265 SMORENO SL,MGZ01/ENTRA/00002,2025-10-17,2,2025-10-17,ROCALLA SA,C-C/00002,1231.78,2505.91,Hecho
23,6265-C-C/00003,3,6265,ADG32 6265 SMORENO SL,MGZ01/ENTRA/00003,2025-10-22,6,2025-10-22,ALUBIX SL,C-C/00003,3816.34,6322.25,Hecho
24,6265-C-C/00004,4,6265,ADG32 6265 SMORENO SL,MGZ01/ENTRA/00005,2025-10-22,7,2025-10-22,ROCALLA SA,C-C/00004,4205.96,10528.21,Hecho
25,6265-C-C/00005,5,6265,ADG32 6265 SMORENO SL,MGZ01/ENTRA/00006,2025-10-29,11,2025-10-29,ALUBIX SL,C-C/00005,3764.31,14292.52,Hecho
26,6265-C-C/00006,6,6265,ADG32 6265 SMORENO SL,MGZ01/ENTRA/00007,2025-10-29,9,2025-10-29,ROCALLA SA,C-C/00006,3963.96,18256.48,Hecho
27,6265-C-C/00007,7,6265,ADG32 6265 SMORENO SL,MGZ01/ENTRA/00008,2025-11-05,13,2025-11-05,ALUBIX SL,C-C/00007,4164.82,22421.30,Hecho
28,6265-C-C/00008,8,6265,ADG32 6265 SMORENO SL,MGZ01/ENTRA/00009,2025-11-05,10,2025-11-05,ROCALLA SA,C-C/00008,4641.56,27062.86,Hecho
29,6265-C-C/00009,9,6265,ADG32 6265 SMORENO SL,MGZ01/ENTRA/00010,2025-11-12,14,2025-11-12,ALUBIX SL,C-C/00009,3760.68,30823.54,Hecho
30,6265-C-C/00010,10,6265,ADG32 6265 SMORENO SL,MGZ01/ENTRA/00011,2025-11-12,13,2025-11-12,ROCALLA SA,C-C/00010,3886.52,34710.06,Hecho
31,6265-C-C/00011,11,6265,ADG32 6265 SMORENO SL,MGZ01/ENTRA/00012,2025-11-19,15,2025-11-19,ALUBIX SL,C-C/00011,4780.71,39490.77,Hecho
32,6265-C-C/00012,12,6265,ADG32 6265 SMORENO SL,MGZ01/ENTRA/00013,2025-11-19,17,2025-11-19,ROCALLA SA,C-C/00012,3644.52,43135.29,Hecho
33,6265-C-C/00013,13,6265,ADG32 6265 SMORENO SL,MGZ01/ENTRA/00014,2025-11-26,19,2025-11-26,ROCALLA SA,C-C/00013,3455.76,46591.05,Hecho
34,6265-C-C/00014,14,6265,ADG32 6265 SMORENO SL,MGZ01/ENTRA/00015,2025-11-26,20,2025-11-26,ALUBIX SL,C-C/00014,5021.50,51612.55,Hecho
35,6265-C-C/00015,15,6265,ADG32 6265 SMORENO SL,MGZ01/ENTRA/00016,2025-12-03,24,2025-12-03,ALUBIX SL,C-C/00015,5042.07,56654.62,Hecho
36,6265-C-C/00016,16,6265,ADG32 6265 SMORENO SL,MGZ01/ENTRA/00017,2025-12-03,23,2025-12-03,ROCALLA SA,C-C/00016,3463.02,60117.64,Hecho
37,6265-C-C/00017,17,6265,ADG32 6265 SMORENO SL,MGZ01/ENTRA/00018,2025-12-10,25,2025-12-10,ALUBIX SL,C-C/00017,3903.46,64021.10,Hecho
38,6265-C-C/00018,18,6265,ADG32 6265 SMORENO SL,MGZ01/ENTRA/00019,2025-12-10,26,2025-12-10,ROCALLA SA,C-C/00018,3840.54,67861.64,Hecho
39,6265-C-C/00019,19,6265,ADG32 6265 SMORENO SL,MGZ01/ENTRA/00020,2025-12-18,29,2025-12-18,ALUBIX SL,C-C/00019,3898.62,71760.26,Hecho
40,6265-C-C/00020,20,6265,ADG32 6265 SMORENO SL,MGZ01/ENTRA/00021,2025-12-18,28,2025-12-18,ROCALLA SA,C-C/00020,3153.26,74913.52,Hecho
41,6320-C-C/00001,1,6320,ADG32 6320 MNAVARRO SL,MGZ01/ENTRA/00001,2025-10-20,3,2025-10-20,ALUBIX SL,C-C/00001,1193.06,1193.06,Hecho
42,6320-C-C/00002,2,6320,ADG32 6320 MNAVARRO SL,MGZ01/ENTRA/00002,2025-10-20,4,2025-10-20,ROCALLA SA,C-C/00002,1173.70,2366.76,Hecho
43,6320-C-C/00003,3,6320,ADG32 6320 MNAVARRO SL,MGZ01/ENTRA/00003,2025-10-22,8,2025-10-22,ALUBIX SL,C-C/00003,3494.48,5861.24,Hecho
44,6320-C-C/00004,4,6320,ADG32 6320 MNAVARRO SL,MGZ01/ENTRA/00005,2025-10-22,8,2025-10-22,ROCALLA SA,C-C/00004,3506.58,9367.82,Hecho
45,6320-C-C/00005,5,6320,ADG32 6320 MNAVARRO SL,MGZ01/ENTRA/00006,2025-10-29,9,2025-10-29,ALUBIX SL,C-C/00005,4418.92,13786.74,Hecho
46,6320-C-C/00006,6,6320,ADG32 6320 MNAVARRO SL,MGZ01/ENTRA/00007,2025-10-29,12,2025-10-29,ROCALLA SA,C-C/00006,4498.78,18285.52,Hecho
47,6320-C-C/00007,7,6320,ADG32 6320 MNAVARRO SL,MGZ01/ENTRA/00008,2025-11-05,14,2025-11-05,ALUBIX SL,C-C/00007,3988.16,22273.68,Hecho
48,6320-C-C/00008,8,6320,ADG32 6320 MNAVARRO SL,MGZ01/ENTRA/00009,2025-11-05,16,2025-11-05,ROCALLA SA,C-C/00008,3954.28,26227.96,Hecho
49,6320-C-C/00009,9,6320,ADG32 6320 MNAVARRO SL,MGZ01/ENTRA/00010,2025-11-12,19,2025-11-12,ROCALLA SA,C-C/00009,3809.08,30037.04,Hecho
50,6320-C-C/00010,10,6320,ADG32 6320 MNAVARRO SL,MGZ01/ENTRA/00011,2025-11-12,19,2025-11-12,ALUBIX SL,C-C/00010,3988.16,34025.20,Hecho
51,6320-C-C/00011,11,6320,ADG32 6320 MNAVARRO SL,MGZ01/ENTRA/00013,2025-11-20,21,2025-11-20,ALUBIX SL,C-C/00011,4539.92,38565.12,Hecho
52,6320-C-C/00012,12,6320,ADG32 6320 MNAVARRO SL,MGZ01/ENTRA/00014,2025-11-20,20,2025-11-20,ROCALLA SA,C-C/00012,4014.78,42579.90,Hecho
53,6320-C-C/00013,13,6320,ADG32 6320 MNAVARRO SL,MGZ01/ENTRA/00015,2025-11-26,24,2025-11-26,ALUBIX SL,C-C/00013,4653.66,47233.56,Hecho
54,6320-C-C/00014,14,6320,ADG32 6320 MNAVARRO SL,MGZ01/ENTRA/00016,2025-11-26,22,2025-11-26,ROCALLA SA,C-C/00014,4602.84,51836.40,Hecho
55,6320-C-C/00015,15,6320,ADG32 6320 MNAVARRO SL,MGZ01/ENTRA/00017,2025-12-03,28,2025-12-03,ALUBIX SL,C-C/00015,4087.38,55923.78,Hecho
56,6320-C-C/00016,16,6320,ADG32 6320 MNAVARRO SL,MGZ01/ENTRA/00018,2025-12-03,25,2025-12-03,ROCALLA SA,C-C/00016,4232.58,60156.36,Hecho
57,6320-C-C/00017,17,6320,ADG32 6320 MNAVARRO SL,MGZ01/ENTRA/00019,2025-12-10,32,2025-12-10,ALUBIX SL,C-C/00017,4334.22,64490.58,Hecho
58,6320-C-C/00018,18,6320,ADG32 6320 MNAVARRO SL,MGZ01/ENTRA/00020,2025-12-10,26,2025-12-10,ROCALLA SA,C-C/00018,4365.68,68856.26,Hecho
59,6320-C-C/00019,19,6320,ADG32 6320 MNAVARRO SL,MGZ01/ENTRA/00021,2025-12-18,34,2025-12-18,ALUBIX SL,C-C/00019,4082.54,72938.80,Hecho
60,6320-C-C/00020,20,6320,ADG32 6320 MNAVARRO SL,MGZ01/ENTRA/00022,2025-12-18,27,2025-12-18,ROCALLA SA,C-C/00020,3714.70,76653.50,Hecho
61,6320-C-C/00021,21,6320,ADG32 6320 MNAVARRO SL,MGZ01/ENTRA/00023,2025-12-30,30,2025-12-29,ROCALLA SA,C-C/00021,166.98,76820.48,Hecho
62,6320-C-C/00022,22,6320,ADG32 6320 MNAVARRO SL,MGZ01/ENTRA/00024,2025-12-30,35,2025-12-29,ALUBIX SL,C-C/00022,157.30,76977.78,Hecho
63,6352-C-C/00001,1,6352,ADG32 6352 SAANANOU SL,MGZ01/ENTRA/00001,2025-10-17,3,2025-10-17,ROCALLA SA,C-C/00001,1056.33,1056.33,Hecho
64,6352-C-C/00002,2,6352,ADG32 6352 SAANANOU SL,MGZ01/ENTRA/00002,2025-10-17,4,2025-10-17,ALUBIX SL,C-C/00002,1266.87,2323.20,Hecho
65,6352-C-C/00003,3,6352,ADG32 6352 SAANANOU SL,MGZ01/ENTRA/00003,2025-10-23,8,2025-10-22,ALUBIX SL,C-C/00003,4020.23,6343.43,Hecho
66,6352-C-C/00004,4,6352,ADG32 6352 SAANANOU SL,MGZ01/ENTRA/00004,2025-10-23,5,2025-10-22,ROCALLA SA,C-C/00004,3661.46,10004.89,Hecho
67,6352-C-C/00005,5,6352,ADG32 6352 SAANANOU SL,MGZ01/ENTRA/00005,2025-10-29,13,2025-10-29,ALUBIX SL,C-C/00005,4325.15,14330.04,Hecho
68,6352-C-C/00006,6,6352,ADG32 6352 SAANANOU SL,MGZ01/ENTRA/00007,2025-10-29,6,2025-10-29,ROCALLA SA,C-C/00006,3539.25,17869.29,Hecho
69,6352-C-C/00007,7,6352,ADG32 6352 SAANANOU SL,MGZ01/ENTRA/00008,2025-11-05,15,2025-11-05,ALUBIX SL,C-C/00007,4266.46,22135.75,Hecho
70,6352-C-C/00008,8,6352,ADG32 6352 SAANANOU SL,MGZ01/ENTRA/00009,2025-11-05,8,2025-11-05,ROCALLA SA,C-C/00008,3643.31,25779.06,Hecho
71,6352-C-C/00009,9,6352,ADG32 6352 SAANANOU SL,MGZ01/ENTRA/00011,2025-11-12,20,2025-11-12,ALUBIX SL,C-C/00009,4049.27,29828.33,Hecho
72,6352-C-C/00010,10,6352,ADG32 6352 SAANANOU SL,MGZ01/ENTRA/00012,2025-11-12,12,2025-11-12,ROCALLA SA,C-C/00010,3403.73,33232.06,Hecho
73,6352-C-C/00011,11,6352,ADG32 6352 SAANANOU SL,MGZ01/ENTRA/00013,2025-11-20,24,2025-11-19,ALUBIX SL,C-C/00011,3916.77,37148.83,Hecho
74,6352-C-C/00012,12,6352,ADG32 6352 SAANANOU SL,MGZ01/ENTRA/00014,2025-11-20,16,2025-11-19,ROCALLA SA,C-C/00012,3781.25,40930.08,Hecho
75,6352-C-C/00013,13,6352,ADG32 6352 SAANANOU SL,MGZ01/ENTRA/00015,2025-11-26,25,2025-11-26,ALUBIX SL,C-C/00013,4823.06,45753.14,Hecho
76,6352-C-C/00014,14,6352,ADG32 6352 SAANANOU SL,MGZ01/ENTRA/00016,2025-11-26,19,2025-11-26,ROCALLA SA,C-C/00014,4241.05,49994.19,Hecho
77,6352-C-C/00015,15,6352,ADG32 6352 SAANANOU SL,MGZ01/ENTRA/00017,2025-12-03,27,2025-12-03,ALUBIX SL,C-C/00015,4040.80,54034.99,Hecho
78,6352-C-C/00016,16,6352,ADG32 6352 SAANANOU SL,MGZ01/ENTRA/00018,2025-12-03,24,2025-12-03,ROCALLA SA,C-C/00016,3861.11,57896.10,Hecho
79,6352-C-C/00017,17,6352,ADG32 6352 SAANANOU SL,MGZ01/ENTRA/00019,2025-12-10,28,2025-12-10,ALUBIX SL,C-C/00017,4420.74,62316.84,Hecho
80,6352-C-C/00018,18,6352,ADG32 6352 SAANANOU SL,MGZ01/ENTRA/00020,2025-12-10,29,2025-12-10,ROCALLA SA,C-C/00018,3950.65,66267.49,Hecho
81,6352-C-C/00019,19,6352,ADG32 6352 SAANANOU SL,MGZ01/ENTRA/00021,2025-12-17,30,2025-12-17,ALUBIX SL,C-C/00019,3872.00,70139.49,Hecho
82,6352-C-C/00021,20,6352,ADG32 6352 SAANANOU SL,MGZ01/ENTRA/00023,2025-12-19,32,2025-12-17,ROCALLA SA,C-C/00021,3191.98,73331.47,Hecho
83,6352-C-C/00022,21,6352,ADG32 6352 SAANANOU SL,MGZ01/ENTRA/00024,2025-12-28,35,2025-12-28,ALUBIX SL,C-C/00022,158.51,73489.98,Hecho
84,6352-C-C/00023,22,6352,ADG32 6352 SAANANOU SL,MGZ01/ENTRA/00025,2025-12-28,35,2025-12-28,ROCALLA SA,C-C/00023,158.51,73648.49,Hecho
85,6356-C-C/00001,1,6356,ADG32 6356 WAANANOU SL,MGZ01/ENTRA/00001,2025-10-17,5,2025-10-17,ROCALLA SA,C-C/00001,1444.74,1444.74,Hecho
86,6356-C-C/00002,2,6356,ADG32 6356 WAANANOU SL,MGZ01/ENTRA/00002,2025-10-17,1,2025-10-17,ALUBIX SL,C-C/00002,1507.66,2952.40,Hecho
87,6356-C-C/00003,3,6356,ADG32 6356 WAANANOU SL,MGZ01/ENTRA/00003,2025-10-23,8,2025-10-22,ROCALLA SA,C-C/00003,4977.94,7930.34,Hecho
88,6356-C-C/00004,4,6356,ADG32 6356 WAANANOU SL,MGZ01/ENTRA/00004,2025-10-23,4,2025-10-22,ALUBIX SL,C-C/00004,4808.54,12738.88,Hecho
89,6356-C-C/00005,5,6356,ADG32 6356 WAANANOU SL,MGZ01/ENTRA/00005,2025-10-29,6,2025-10-29,ALUBIX SL,C-C/00005,3874.42,16613.30,Hecho
90,6356-C-C/00006,6,6356,ADG32 6356 WAANANOU SL,MGZ01/ENTRA/00006,2025-10-29,10,2025-10-29,ROCALLA SA,C-C/00006,3322.66,19935.96,Hecho
91,6356-C-C/00007,7,6356,ADG32 6356 WAANANOU SL,MGZ01/ENTRA/00007,2025-11-06,15,2025-11-05,ROCALLA SA,C-C/00007,2473.24,22409.20,Hecho
92,6356-C-C/00010,8,6356,ADG32 6356 WAANANOU SL,MGZ01/ENTRA/00010,2025-11-13,12,2025-11-12,ALUBIX SL,C-C/00010,4689.96,27099.16,Hecho
93,6356-C-C/00011,9,6356,ADG32 6356 WAANANOU SL,MGZ01/ENTRA/00011,2025-11-13,17,2025-11-13,ROCALLA SA,C-C/00011,3369.85,30469.01,Hecho
94,6356-C-C/00012,10,6356,ADG32 6356 WAANANOU SL,MGZ01/ENTRA/00012,2025-11-14,20,2025-11-14,ROCALLA SA,C-C/00012,326.70,30795.71,Hecho
95,6356-C-C/00013,11,6356,ADG32 6356 WAANANOU SL,MGZ01/ENTRA/00013,2025-11-19,14,2025-11-19,ALUBIX SL,C-C/00013,4418.92,35214.63,Hecho
96,6356-C-C/00014,12,6356,ADG32 6356 WAANANOU SL,MGZ01/ENTRA/00014,2025-11-19,9,2025-11-05,ALUBIX SL,C-C/00014,4360.84,39575.47,Hecho
97,6356-C-C/00015,13,6356,ADG32 6356 WAANANOU SL,MGZ01/ENTRA/00015,2025-11-19,15,2025-11-19,ALUBIX SL,C-C/00015,239.58,39815.05,Hecho
98,6356-C-C/00016,14,6356,ADG32 6356 WAANANOU SL,MGZ01/ENTRA/00016,2025-11-19,23,2025-11-19,ROCALLA SA,C-C/00016,3488.43,43303.48,Hecho
99,6356-C-C/00017,15,6356,ADG32 6356 WAANANOU SL,MGZ01/ENTRA/00017,2025-11-21,28,2025-11-21,ROCALLA SA,C-C/00017,14.52,43318.00,Hecho
100,6356-C-C/00018,16,6356,ADG32 6356 WAANANOU SL,MGZ01/ENTRA/00018,2025-11-26,19,2025-11-26,ALUBIX SL,C-C/00018,2814.46,46132.46,Hecho
101,6356-C-C/00019,17,6356,ADG32 6356 WAANANOU SL,MGZ01/ENTRA/00019,2025-11-26,29,2025-11-26,ROCALLA SA,C-C/00019,3196.82,49329.28,Hecho
102,6356-C-C/00020,18,6356,ADG32 6356 WAANANOU SL,MGZ01/ENTRA/00020,2025-11-26,20,2025-11-26,ALUBIX SL,C-C/00020,1422.96,50752.24,Hecho
103,6356-C-C/00021,19,6356,ADG32 6356 WAANANOU SL,MGZ01/ENTRA/00021,2025-12-03,24,2025-12-03,ALUBIX SL,C-C/00021,4767.40,55519.64,Hecho
104,6356-C-C/00022,20,6356,ADG32 6356 WAANANOU SL,MGZ01/ENTRA/00022,2025-12-03,32,2025-12-03,ROCALLA SA,C-C/00022,3803.03,59322.67,Hecho
105,6356-C-C/00023,21,6356,ADG32 6356 WAANANOU SL,MGZ01/ENTRA/00023,2025-12-10,25,2025-12-10,ALUBIX SL,C-C/00023,4314.86,63637.53,Hecho
106,6356-C-C/00024,22,6356,ADG32 6356 WAANANOU SL,MGZ01/ENTRA/00024,2025-12-10,37,2025-12-10,ROCALLA SA,C-C/00024,3623.95,67261.48,Hecho
107,6356-C-C/00025,23,6356,ADG32 6356 WAANANOU SL,MGZ01/ENTRA/00025,2025-12-17,31,2025-12-17,ALUBIX SL,C-C/00025,4997.30,72258.78,Hecho
108,6356-C-C/00027,24,6356,ADG32 6356 WAANANOU SL,MGZ01/ENTRA/00028,2025-12-18,41,2025-12-17,ROCALLA SA,C-C/00027,3662.67,75921.45,Hecho
109,6356-C-C/00028,25,6356,ADG32 6356 WAANANOU SL,MGZ01/ENTRA/00029,2025-12-30,33,2025-12-29,ALUBIX SL,C-C/00028,157.30,76078.75,Hecho
110,6356-C-C/00029,26,6356,ADG32 6356 WAANANOU SL,MGZ01/ENTRA/00030,2025-12-30,45,2025-12-29,ROCALLA SA,C-C/00029,158.51,76237.26,Hecho
111,6366-C-C/00001,1,6366,ADG32 6366 JMORAGUES SL,MGZ01/ENTRA/00001,2025-10-17,4,2025-10-17,ROCALLA SA,C-C/00001,1353.99,1353.99,Hecho
112,6366-C-C/00002,2,6366,ADG32 6366 JMORAGUES SL,MGZ01/ENTRA/00002,2025-10-17,3,2025-10-17,ALUBIX SL,C-C/00002,1067.22,2421.21,Hecho
113,6366-C-C/00003,3,6366,ADG32 6366 JMORAGUES SL,MGZ01/ENTRA/00003,2025-10-22,8,2025-10-22,ALUBIX SL,C-C/00003,3748.58,6169.79,Hecho
114,6366-C-C/00004,4,6366,ADG32 6366 JMORAGUES SL,MGZ01/ENTRA/00004,2025-10-22,6,2025-10-22,ROCALLA SA,C-C/00004,4239.84,10409.63,Hecho
115,6366-C-C/00005,5,6366,ADG32 6366 JMORAGUES SL,MGZ01/ENTRA/00005,2025-10-29,10,2025-10-29,ALUBIX SL,C-C/00005,3303.30,13712.93,Hecho
116,6366-C-C/00006,6,6366,ADG32 6366 JMORAGUES SL,MGZ01/ENTRA/00006,2025-10-29,10,2025-10-29,ROCALLA SA,C-C/00006,3873.21,17586.14,Hecho
117,6366-C-C/00007,7,6366,ADG32 6366 JMORAGUES SL,MGZ01/ENTRA/00007,2025-11-05,11,2025-11-05,ALUBIX SL,C-C/00007,4242.26,21828.40,Hecho
118,6366-C-C/00008,8,6366,ADG32 6366 JMORAGUES SL,MGZ01/ENTRA/00008,2025-11-05,12,2025-11-05,ROCALLA SA,C-C/00008,5150.97,26979.37,Hecho
119,6366-C-C/00009,9,6366,ADG32 6366 JMORAGUES SL,MGZ01/ENTRA/00009,2025-11-12,15,2025-11-12,ALUBIX SL,C-C/00009,3564.66,30544.03,Hecho
120,6366-C-C/00010,10,6366,ADG32 6366 JMORAGUES SL,MGZ01/ENTRA/00010,2025-11-12,15,2025-11-12,ROCALLA SA,C-C/00010,4773.45,35317.48,Hecho
121,6366-C-C/00011,11,6366,ADG32 6366 JMORAGUES SL,MGZ01/ENTRA/00011,2025-11-19,20,2025-11-19,ALUBIX SL,C-C/00011,3310.56,38628.04,Hecho
122,6366-C-C/00012,12,6366,ADG32 6366 JMORAGUES SL,MGZ01/ENTRA/00012,2025-11-19,19,2025-11-19,ROCALLA SA,C-C/00012,3767.94,42395.98,Hecho
123,6366-C-C/00013,13,6366,ADG32 6366 JMORAGUES SL,MGZ01/ENTRA/00013,2025-11-26,21,2025-11-26,ALUBIX SL,C-C/00013,3859.90,46255.88,Hecho
124,6366-C-C/00014,14,6366,ADG32 6366 JMORAGUES SL,MGZ01/ENTRA/00014,2025-11-26,21,2025-11-26,ROCALLA SA,C-C/00014,4265.25,50521.13,Hecho
125,6366-C-C/00015,15,6366,ADG32 6366 JMORAGUES SL,MGZ01/ENTRA/00015,2025-12-03,25,2025-12-03,ALUBIX SL,C-C/00015,3576.76,54097.89,Hecho
126,6366-C-C/00016,16,6366,ADG32 6366 JMORAGUES SL,MGZ01/ENTRA/00016,2025-12-03,24,2025-12-03,ROCALLA SA,C-C/00016,4345.11,58443.00,Hecho
127,6366-C-C/00017,17,6366,ADG32 6366 JMORAGUES SL,MGZ01/ENTRA/00017,2025-12-10,29,2025-12-10,ALUBIX SL,C-C/00017,3492.06,61935.06,Hecho
128,6366-C-C/00018,18,6366,ADG32 6366 JMORAGUES SL,MGZ01/ENTRA/00018,2025-12-10,26,2025-12-10,ROCALLA SA,C-C/00018,4189.02,66124.08,Hecho
129,6366-C-C/00019,19,6366,ADG32 6366 JMORAGUES SL,MGZ01/ENTRA/00019,2025-12-18,32,2025-12-18,ALUBIX SL,C-C/00019,3373.48,69497.56,Hecho
130,6366-C-C/00020,20,6366,ADG32 6366 JMORAGUES SL,MGZ01/ENTRA/00020,2025-12-18,31,2025-12-18,ROCALLA SA,C-C/00020,3767.94,73265.50,Hecho
131,6368-C-C/00001,1,6368,ADG32 6368 LPIZA SL,MGZ01/ENTRA/00001,2025-10-17,5,2025-10-17,ROCALLA SA,C-C/00001,1672.22,1672.22,Hecho
132,6368-C-C/00002,2,6368,ADG32 6368 LPIZA SL,MGZ01/ENTRA/00002,2025-10-17,4,2025-10-17,ALUBIX SL,C-C/00002,1447.16,3119.38,Hecho
133,6368-C-C/00003,3,6368,ADG32 6368 LPIZA SL,MGZ01/ENTRA/00003,2025-10-23,8,2025-10-22,ALUBIX SL,C-C/00003,3092.76,6212.14,Hecho
134,6368-C-C/00004,4,6368,ADG32 6368 LPIZA SL,MGZ01/ENTRA/00004,2025-10-23,6,2025-10-22,ROCALLA SA,C-C/00004,3559.82,9771.96,Hecho
135,6368-C-C/00005,5,6368,ADG32 6368 LPIZA SL,MGZ01/ENTRA/00005,2025-10-29,7,2025-10-29,ROCALLA SA,C-C/00005,4264.04,14036.00,Hecho
136,6368-C-C/00006,6,6368,ADG32 6368 LPIZA SL,MGZ01/ENTRA/00006,2025-10-29,11,2025-10-29,ALUBIX SL,C-C/00006,3598.54,17634.54,Hecho
137,6368-C-C/00007,7,6368,ADG32 6368 LPIZA SL,MGZ01/ENTRA/00007,2025-11-05,14,2025-11-05,ALUBIX SL,C-C/00007,3813.92,21448.46,Hecho
138,6368-C-C/00008,8,6368,ADG32 6368 LPIZA SL,MGZ01/ENTRA/00008,2025-11-05,12,2025-11-05,ROCALLA SA,C-C/00008,4714.16,26162.62,Hecho
139,6368-C-C/00009,9,6368,ADG32 6368 LPIZA SL,MGZ01/ENTRA/00009,2025-11-13,16,2025-11-13,ALUBIX SL,C-C/00009,3315.40,29478.02,Hecho
140,6368-C-C/00010,10,6368,ADG32 6368 LPIZA SL,MGZ01/ENTRA/00010,2025-11-13,14,2025-11-13,ROCALLA SA,C-C/00010,4486.68,33964.70,Hecho
141,6368-C-C/00011,11,6368,ADG32 6368 LPIZA SL,MGZ01/ENTRA/00011,2025-11-19,17,2025-11-19,ROCALLA SA,C-C/00011,4176.92,38141.62,Hecho
142,6368-C-C/00012,12,6368,ADG32 6368 LPIZA SL,MGZ01/ENTRA/00012,2025-11-19,18,2025-11-19,ALUBIX SL,C-C/00012,3540.46,41682.08,Hecho
143,6368-C-C/00013,13,6368,ADG32 6368 LPIZA SL,MGZ01/ENTRA/00013,2025-11-27,23,2025-11-26,ALUBIX SL,C-C/00013,3959.12,45641.20,Hecho
144,6368-C-C/00014,14,6368,ADG32 6368 LPIZA SL,MGZ01/ENTRA/00014,2025-11-27,20,2025-11-26,ROCALLA SA,C-C/00014,4271.30,49912.50,Hecho
145,6368-C-C/00015,15,6368,ADG32 6368 LPIZA SL,MGZ01/ENTRA/00015,2025-12-03,22,2025-12-03,ROCALLA SA,C-C/00015,4663.34,54575.84,Hecho
146,6368-C-C/00016,16,6368,ADG32 6368 LPIZA SL,MGZ01/ENTRA/00016,2025-12-03,24,2025-12-03,ALUBIX SL,C-C/00016,3913.14,58488.98,Hecho
147,6368-C-C/00017,17,6368,ADG32 6368 LPIZA SL,MGZ01/ENTRA/00017,2025-12-10,28,2025-12-10,ALUBIX SL,C-C/00017,3593.70,62082.68,Hecho
148,6368-C-C/00018,18,6368,ADG32 6368 LPIZA SL,MGZ01/ENTRA/00018,2025-12-10,26,2025-12-10,ROCALLA SA,C-C/00018,5186.06,67268.74,Hecho
149,6368-C-C/00019,19,6368,ADG32 6368 LPIZA SL,MGZ01/ENTRA/00019,2025-12-17,32,2025-12-17,ALUBIX SL,C-C/00019,3283.94,70552.68,Hecho
150,6368-C-C/00020,20,6368,ADG32 6368 LPIZA SL,MGZ01/ENTRA/00020,2025-12-17,30,2025-12-17,ROCALLA SA,C-C/00020,3741.32,74294.00,Hecho
151,6369-C-C/00001,1,6369,ADG32 6369 VMASTRANGELO SL,MGZ01/ENTRA/00001,2025-10-17,5,2025-10-17,ROCALLA SA,C-C/00001,1593.57,1593.57,Hecho
152,6369-C-C/00002,2,6369,ADG32 6369 VMASTRANGELO SL,MGZ01/ENTRA/00002,2025-10-17,1,2025-10-17,ALUBIX SL,C-C/00002,1239.04,2832.61,Hecho
153,6369-C-C/00003,3,6369,ADG32 6369 VMASTRANGELO SL,MGZ01/ENTRA/00003,2025-10-22,7,2025-10-22,ROCALLA SA,C-C/00003,4268.88,7101.49,Hecho
154,6369-C-C/00004,4,6369,ADG32 6369 VMASTRANGELO SL,MGZ01/ENTRA/00004,2025-10-22,2,2025-10-22,ALUBIX SL,C-C/00004,1840.41,8941.90,Hecho
155,6369-C-C/00005,5,6369,ADG32 6369 VMASTRANGELO SL,MGZ01/ENTRA/00005,2025-10-22,4,2025-10-22,ALUBIX SL,C-C/00005,1583.89,10525.79,Hecho
156,6369-C-C/00006,6,6369,ADG32 6369 VMASTRANGELO SL,MGZ01/ENTRA/00007,2025-10-29,12,2025-10-29,ROCALLA SA,C-C/00006,4544.76,15070.55,Hecho
157,6369-C-C/00007,7,6369,ADG32 6369 VMASTRANGELO SL,MGZ01/ENTRA/00008,2025-10-29,8,2025-10-29,ALUBIX SL,C-C/00007,3286.36,18356.91,Hecho
158,6369-C-C/00008,8,6369,ADG32 6369 VMASTRANGELO SL,MGZ01/ENTRA/00009,2025-11-05,9,2025-11-05,ALUBIX SL,C-C/00008,3501.74,21858.65,Hecho
159,6369-C-C/00009,9,6369,ADG32 6369 VMASTRANGELO SL,MGZ01/ENTRA/00010,2025-11-05,13,2025-11-05,ROCALLA SA,C-C/00009,4034.14,25892.79,Hecho
160,6369-C-C/00010,10,6369,ADG32 6369 VMASTRANGELO SL,MGZ01/ENTRA/00011,2025-11-12,10,2025-11-12,ALUBIX SL,C-C/00010,3682.64,29575.43,Hecho
161,6369-C-C/00011,11,6369,ADG32 6369 VMASTRANGELO SL,MGZ01/ENTRA/00012,2025-11-12,17,2025-11-12,ROCALLA SA,C-C/00011,4266.46,33841.89,Hecho
162,6369-C-C/00012,12,6369,ADG32 6369 VMASTRANGELO SL,MGZ01/ENTRA/00013,2025-11-19,12,2025-11-19,ALUBIX SL,C-C/00012,3590.07,37431.96,Hecho
163,6369-C-C/00013,13,6369,ADG32 6369 VMASTRANGELO SL,MGZ01/ENTRA/00014,2025-11-19,21,2025-11-19,ROCALLA SA,C-C/00013,4089.80,41521.76,Hecho
164,6369-C-C/00014,14,6369,ADG32 6369 VMASTRANGELO SL,MGZ01/ENTRA/00015,2025-11-26,16,2025-11-26,ALUBIX SL,C-C/00014,3931.29,45453.05,Hecho
165,6369-C-C/00015,15,6369,ADG32 6369 VMASTRANGELO SL,MGZ01/ENTRA/00016,2025-11-26,26,2025-11-26,ROCALLA SA,C-C/00015,4502.41,49955.46,Hecho
166,6369-C-C/00016,16,6369,ADG32 6369 VMASTRANGELO SL,MGZ01/ENTRA/00017,2025-12-03,20,2025-12-03,ALUBIX SL,C-C/00016,3245.83,53201.29,Hecho
167,6369-C-C/00017,17,6369,ADG32 6369 VMASTRANGELO SL,MGZ01/ENTRA/00018,2025-12-03,30,2025-12-03,ROCALLA SA,C-C/00017,4397.14,57598.43,Hecho
168,6369-C-C/00018,18,6369,ADG32 6369 VMASTRANGELO SL,MGZ01/ENTRA/00019,2025-12-03,35,2025-12-03,ROCALLA SA,C-C/00018,65.34,57663.77,Hecho
169,6369-C-C/00019,19,6369,ADG32 6369 VMASTRANGELO SL,MGZ01/ENTRA/00020,2025-12-10,36,2025-12-10,ROCALLA SA,C-C/00019,4440.70,62104.47,Hecho
170,6369-C-C/00020,20,6369,ADG32 6369 VMASTRANGELO SL,MGZ01/ENTRA/00021,2025-12-10,24,2025-12-10,ALUBIX SL,C-C/00020,3415.83,65520.30,Hecho
171,6369-C-C/00021,21,6369,ADG32 6369 VMASTRANGELO SL,MGZ01/ENTRA/00022,2025-12-17,26,2025-12-17,ALUBIX SL,C-C/00021,3581.60,69101.90,Hecho
172,6369-C-C/00022,22,6369,ADG32 6369 VMASTRANGELO SL,MGZ01/ENTRA/00023,2025-12-17,38,2025-12-17,ROCALLA SA,C-C/00022,4262.83,73364.73,Hecho
173,6427-C-C/00001,1,6427,ADG32 6427 NANANOU SL,MGZ01/ENTRA/00001,2025-10-17,3,2025-10-17,ROCALLA SA,C-C/00001,786.50,786.50,Hecho
174,6427-C-C/00002,2,6427,ADG32 6427 NANANOU SL,MGZ01/ENTRA/00002,2025-10-17,5,2025-10-17,ALUBIX SL,C-C/00002,1352.78,2139.28,Hecho
175,6427-C-C/00003,3,6427,ADG32 6427 NANANOU SL,MGZ01/ENTRA/00003,2025-10-23,6,2025-10-23,ROCALLA SA,C-C/00003,2870.12,5009.40,Hecho
176,6427-C-C/00004,4,6427,ADG32 6427 NANANOU SL,MGZ01/ENTRA/00004,2025-10-23,7,2025-10-23,ALUBIX SL,C-C/00004,4619.78,9629.18,Hecho
177,6427-C-C/00005,5,6427,ADG32 6427 NANANOU SL,MGZ01/ENTRA/00005,2025-10-29,8,2025-10-29,ROCALLA SA,C-C/00005,2618.44,12247.62,Hecho
178,6427-C-C/00006,6,6427,ADG32 6427 NANANOU SL,MGZ01/ENTRA/00006,2025-10-29,8,2025-10-29,ALUBIX SL,C-C/00006,4474.58,16722.20,Hecho
179,6427-C-C/00007,7,6427,ADG32 6427 NANANOU SL,MGZ01/ENTRA/00007,2025-11-05,9,2025-11-05,ALUBIX SL,C-C/00007,5186.06,21908.26,Hecho
180,6427-C-C/00008,8,6427,ADG32 6427 NANANOU SL,MGZ01/ENTRA/00008,2025-11-05,11,2025-11-05,ROCALLA SA,C-C/00008,3274.26,25182.52,Hecho
181,6427-C-C/00009,9,6427,ADG32 6427 NANANOU SL,MGZ01/ENTRA/00009,2025-11-12,13,2025-11-12,ALUBIX SL,C-C/00009,4636.72,29819.24,Hecho
182,6427-C-C/00010,10,6427,ADG32 6427 NANANOU SL,MGZ01/ENTRA/00010,2025-11-12,15,2025-11-12,ROCALLA SA,C-C/00010,2816.88,32636.12,Hecho
183,6427-C-C/00011,11,6427,ADG32 6427 NANANOU SL,MGZ01/ENTRA/00011,2025-11-21,18,2025-11-19,ALUBIX SL,C-C/00011,4542.34,37178.46,Hecho
184,6427-C-C/00012,12,6427,ADG32 6427 NANANOU SL,MGZ01/ENTRA/00012,2025-11-21,16,2025-11-19,ROCALLA SA,C-C/00012,3332.34,40510.80,Hecho
185,6427-C-C/00013,13,6427,ADG32 6427 NANANOU SL,MGZ01/ENTRA/00013,2025-11-26,20,2025-11-26,ALUBIX SL,C-C/00013,4881.14,45391.94,Hecho
186,6427-C-C/00014,14,6427,ADG32 6427 NANANOU SL,MGZ01/ENTRA/00014,2025-11-26,20,2025-11-26,ROCALLA SA,C-C/00014,3160.52,48552.46,Hecho
187,6427-C-C/00015,15,6427,ADG32 6427 NANANOU SL,MGZ01/ENTRA/00015,2025-12-03,25,2025-12-03,ALUBIX SL,C-C/00015,4653.66,53206.12,Hecho
188,6427-C-C/00016,16,6427,ADG32 6427 NANANOU SL,MGZ01/ENTRA/00016,2025-12-03,22,2025-12-03,ROCALLA SA,C-C/00016,2792.68,55998.80,Hecho
189,6427-C-C/00017,17,6427,ADG32 6427 NANANOU SL,MGZ01/ENTRA/00017,2025-12-10,29,2025-12-10,ALUBIX SL,C-C/00017,5164.28,61163.08,Hecho
190,6427-C-C/00018,18,6427,ADG32 6427 NANANOU SL,MGZ01/ENTRA/00018,2025-12-10,24,2025-12-10,ROCALLA SA,C-C/00018,3254.90,64417.98,Hecho
191,6427-C-C/00019,19,6427,ADG32 6427 NANANOU SL,MGZ01/ENTRA/00019,2025-12-17,31,2025-12-17,ALUBIX SL,C-C/00019,4670.60,69088.58,Hecho
192,6427-C-C/00020,20,6427,ADG32 6427 NANANOU SL,MGZ01/ENTRA/00020,2025-12-17,27,2025-12-17,ROCALLA SA,C-C/00020,2974.18,72062.76,Hecho
193,6427-C-C/00021,21,6427,ADG32 6427 NANANOU SL,MGZ01/ENTRA/00021,2025-12-29,32,2025-12-29,ALUBIX SL,C-C/00021,171.82,72234.58,Hecho
194,6427-C-C/00023,22,6427,ADG32 6427 NANANOU SL,MGZ01/ENTRA/00025,2025-12-30,30,2025-12-29,ROCALLA SA,C-C/00023,157.30,72391.88,Hecho
195,6428-C-C/00003,1,6428,ADG32 6428 ABOUBAL SL,MGZ01/ENTRA/00003,2025-10-24,3,2025-10-23,ALUBIX SL,C-C/00003,5057.80,5057.80,Hecho
196,6428-C-C/00004,2,6428,ADG32 6428 ABOUBAL SL,MGZ01/ENTRA/00004,2025-10-24,5,2025-10-23,ROCALLA SA,C-C/00004,5619.24,10677.04,Hecho
197,6428-C-C/00005,3,6428,ADG32 6428 ABOUBAL SL,MGZ01/ENTRA/00005,2025-10-29,6,2025-10-29,ROCALLA SA,C-C/00005,4179.34,14856.38,Hecho
198,6428-C-C/00006,4,6428,ADG32 6428 ABOUBAL SL,MGZ01/ENTRA/00006,2025-10-29,8,2025-10-29,ALUBIX SL,C-C/00006,3649.36,18505.74,Hecho
199,6428-C-C/00007,5,6428,ADG32 6428 ABOUBAL SL,MGZ01/ENTRA/00007,2025-11-05,8,2025-11-05,ROCALLA SA,C-C/00007,3934.92,22440.66,Hecho
200,6428-C-C/00008,6,6428,ADG32 6428 ABOUBAL SL,MGZ01/ENTRA/00008,2025-11-05,10,2025-11-05,ALUBIX SL,C-C/00008,4143.04,26583.70,Hecho
201,6428-C-C/00009,7,6428,ADG32 6428 ABOUBAL SL,MGZ01/ENTRA/00009,2025-11-12,11,2025-11-12,ALUBIX SL,C-C/00009,3683.24,30266.94,Hecho
202,6428-C-C/00010,8,6428,ADG32 6428 ABOUBAL SL,MGZ01/ENTRA/00010,2025-11-12,11,2025-11-12,ROCALLA SA,C-C/00010,3932.50,34199.44,Hecho
203,6428-C-C/00011,9,6428,ADG32 6428 ABOUBAL SL,MGZ01/ENTRA/00011,2025-11-19,16,2025-11-19,ALUBIX SL,C-C/00011,4404.40,38603.84,Hecho
204,6428-C-C/00012,10,6428,ADG32 6428 ABOUBAL SL,MGZ01/ENTRA/00012,2025-11-19,14,2025-11-19,ROCALLA SA,C-C/00012,4302.76,42906.60,Hecho
205,6428-C-C/00013,11,6428,ADG32 6428 ABOUBAL SL,MGZ01/ENTRA/00013,2025-11-26,19,2025-11-26,ROCALLA SA,C-C/00013,4215.64,47122.24,Hecho
206,6428-C-C/00014,12,6428,ADG32 6428 ABOUBAL SL,MGZ01/ENTRA/00014,2025-11-26,17,2025-11-26,ALUBIX SL,C-C/00014,3988.16,51110.40,Hecho
207,6428-C-C/00015,13,6428,ADG32 6428 ABOUBAL SL,MGZ01/ENTRA/00015,2025-12-03,20,2025-12-03,ALUBIX SL,C-C/00015,3891.36,55001.76,Hecho
208,6428-C-C/00016,14,6428,ADG32 6428 ABOUBAL SL,MGZ01/ENTRA/00016,2025-12-03,21,2025-12-03,ROCALLA SA,C-C/00016,3978.48,58980.24,Hecho
209,6428-C-C/00017,15,6428,ADG32 6428 ABOUBAL SL,MGZ01/ENTRA/00017,2025-12-10,25,2025-12-10,ALUBIX SL,C-C/00017,3417.04,62397.28,Hecho
210,6428-C-C/00018,16,6428,ADG32 6428 ABOUBAL SL,MGZ01/ENTRA/00018,2025-12-10,24,2025-12-10,ROCALLA SA,C-C/00018,4164.82,66562.10,Hecho
211,6428-C-C/00019,17,6428,ADG32 6428 ABOUBAL SL,MGZ01/ENTRA/00019,2025-12-18,28,2025-12-18,ALUBIX SL,C-C/00019,3707.44,70269.54,Hecho
212,6428-C-C/00020,18,6428,ADG32 6428 ABOUBAL SL,MGZ01/ENTRA/00020,2025-12-18,28,2025-12-18,ROCALLA SA,C-C/00020,3724.38,73993.92,Hecho
213,6428-C-C/00021,19,6428,ADG32 6428 ABOUBAL SL,MGZ01/ENTRA/00021,2025-12-30,31,2025-12-30,ALUBIX SL,C-C/00021,164.56,74158.48,Hecho
214,6428-C-C/00022,20,6428,ADG32 6428 ABOUBAL SL,MGZ01/ENTRA/00022,2025-12-30,31,2025-12-30,ROCALLA SA,C-C/00022,162.14,74320.62,Hecho
215,6431-C-C/00001,1,6431,ADG32 6431 GZOUGGAGHI SL,MGZ01/ENTRA/00001,2025-10-17,1,2025-10-17,ALUBIX SL,C-C/00001,1287.44,1287.44,Hecho
216,6431-C-C/00002,2,6431,ADG32 6431 GZOUGGAGHI SL,MGZ01/ENTRA/00002,2025-10-17,5,2025-10-17,ROCALLA SA,C-C/00002,1345.52,2632.96,Hecho
217,6431-C-C/00003,3,6431,ADG32 6431 GZOUGGAGHI SL,MGZ01/ENTRA/00003,2025-10-22,2,2025-10-22,ALUBIX SL,C-C/00003,3165.36,5798.32,Hecho
218,6431-C-C/00004,4,6431,ADG32 6431 GZOUGGAGHI SL,MGZ01/ENTRA/00004,2025-10-22,9,2025-10-22,ROCALLA SA,C-C/00004,4019.62,9817.94,Hecho
219,6431-C-C/00005,5,6431,ADG32 6431 GZOUGGAGHI SL,MGZ01/ENTRA/00005,2025-10-29,4,2025-10-29,ALUBIX SL,C-C/00005,3472.70,13290.64,Hecho
220,6431-C-C/00006,6,6431,ADG32 6431 GZOUGGAGHI SL,MGZ01/ENTRA/00006,2025-10-29,11,2025-10-29,ROCALLA SA,C-C/00006,3726.80,17017.44,Hecho
221,6431-C-C/00007,7,6431,ADG32 6431 GZOUGGAGHI SL,MGZ01/ENTRA/00007,2025-11-05,9,2025-11-05,ALUBIX SL,C-C/00007,3661.46,20678.90,Hecho
222,6431-C-C/00008,8,6431,ADG32 6431 GZOUGGAGHI SL,MGZ01/ENTRA/00008,2025-11-05,14,2025-11-05,ROCALLA SA,C-C/00008,4048.66,24727.56,Hecho
223,6431-C-C/00009,9,6431,ADG32 6431 GZOUGGAGHI SL,MGZ01/ENTRA/00009,2025-11-12,11,2025-11-12,ALUBIX SL,C-C/00009,3552.56,28280.12,Hecho
224,6431-C-C/00010,10,6431,ADG32 6431 GZOUGGAGHI SL,MGZ01/ENTRA/00010,2025-11-12,16,2025-11-12,ROCALLA SA,C-C/00010,4135.78,32415.90,Hecho
225,6431-C-C/00011,11,6431,ADG32 6431 GZOUGGAGHI SL,MGZ01/ENTRA/00011,2025-11-19,14,2025-11-19,ALUBIX SL,C-C/00011,4034.14,36450.04,Hecho
226,6431-C-C/00012,12,6431,ADG32 6431 GZOUGGAGHI SL,MGZ01/ENTRA/00012,2025-11-19,19,2025-11-19,ROCALLA SA,C-C/00012,4075.28,40525.32,Hecho
227,6431-C-C/00013,13,6431,ADG32 6431 GZOUGGAGHI SL,MGZ01/ENTRA/00013,2025-11-26,18,2025-11-26,ALUBIX SL,C-C/00013,3467.86,43993.18,Hecho
228,6431-C-C/00014,14,6431,ADG32 6431 GZOUGGAGHI SL,MGZ01/ENTRA/00014,2025-11-26,23,2025-11-26,ROCALLA SA,C-C/00014,4285.82,48279.00,Hecho
229,6431-C-C/00015,15,6431,ADG32 6431 GZOUGGAGHI SL,MGZ01/ENTRA/00015,2025-12-03,19,2025-12-03,ALUBIX SL,C-C/00015,4164.82,52443.82,Hecho
230,6431-C-C/00016,16,6431,ADG32 6431 GZOUGGAGHI SL,MGZ01/ENTRA/00016,2025-12-03,25,2025-12-03,ROCALLA SA,C-C/00016,4456.43,56900.25,Hecho
231,6431-C-C/00017,17,6431,ADG32 6431 GZOUGGAGHI SL,MGZ01/ENTRA/00017,2025-12-10,23,2025-12-10,ALUBIX SL,C-C/00017,3930.08,60830.33,Hecho
232,6431-C-C/00018,18,6431,ADG32 6431 GZOUGGAGHI SL,MGZ01/ENTRA/00018,2025-12-10,29,2025-12-10,ROCALLA SA,C-C/00018,4622.20,65452.53,Hecho
233,6431-C-C/00019,19,6431,ADG32 6431 GZOUGGAGHI SL,MGZ01/ENTRA/00019,2025-12-17,24,2025-12-17,ALUBIX SL,C-C/00019,3598.54,69051.07,Hecho
234,6431-C-C/00020,20,6431,ADG32 6431 GZOUGGAGHI SL,MGZ01/ENTRA/00020,2025-12-17,32,2025-12-17,ROCALLA SA,C-C/00020,4277.35,73328.42,Hecho
235,6431-C-C/00021,21,6431,ADG32 6431 GZOUGGAGHI SL,MGZ01/ENTRA/00021,2025-12-29,26,2025-12-29,ALUBIX SL,C-C/00021,162.14,73490.56,Hecho
236,6431-C-C/00022,22,6431,ADG32 6431 GZOUGGAGHI SL,MGZ01/ENTRA/00022,2025-12-29,33,2025-12-29,ROCALLA SA,C-C/00022,179.08,73669.64,Hecho
237,6702-C-C/00001,1,6702,ADG32 6702 NFORNES SL,MGZ01/ENTRA/00001,2025-10-17,2,2025-10-17,ROCALLA SA,C-C/00001,878.46,878.46,Hecho
238,6702-C-C/00002,2,6702,ADG32 6702 NFORNES SL,MGZ01/ENTRA/00002,2025-10-17,3,2025-10-17,ALUBIX SL,C-C/00002,1280.18,2158.64,Hecho
239,6702-C-C/00003,3,6702,ADG32 6702 NFORNES SL,MGZ01/ENTRA/00003,2025-10-22,8,2025-10-22,ALUBIX SL,C-C/00003,4735.94,6894.58,Hecho
240,6702-C-C/00004,4,6702,ADG32 6702 NFORNES SL,MGZ01/ENTRA/00004,2025-10-22,7,2025-10-22,ROCALLA SA,C-C/00004,3204.08,10098.66,Hecho
241,6702-C-C/00005,5,6702,ADG32 6702 NFORNES SL,MGZ01/ENTRA/00005,2025-10-29,10,2025-10-29,ROCALLA SA,C-C/00005,3300.88,13399.54,Hecho
242,6702-C-C/00006,6,6702,ADG32 6702 NFORNES SL,MGZ01/ENTRA/00006,2025-10-29,9,2025-10-29,ALUBIX SL,C-C/00006,4460.06,17859.60,Hecho
243,6702-C-C/00007,7,6702,ADG32 6702 NFORNES SL,MGZ01/ENTRA/00007,2025-11-05,13,2025-11-05,ROCALLA SA,C-C/00007,3015.32,20874.92,Hecho
244,6702-C-C/00008,8,6702,ADG32 6702 NFORNES SL,MGZ01/ENTRA/00008,2025-11-05,10,2025-11-05,ALUBIX SL,C-C/00008,4256.78,25131.70,Hecho
245,6702-C-C/00009,9,6702,ADG32 6702 NFORNES SL,MGZ01/ENTRA/00009,2025-11-12,16,2025-11-12,ROCALLA SA,C-C/00009,3317.82,28449.52,Hecho
246,6702-C-C/00010,10,6702,ADG32 6702 NFORNES SL,MGZ01/ENTRA/00010,2025-11-12,12,2025-11-12,ALUBIX SL,C-C/00010,4455.22,32904.74,Hecho
247,6702-C-C/00011,11,6702,ADG32 6702 NFORNES SL,MGZ01/ENTRA/00011,2025-11-19,14,2025-11-19,ALUBIX SL,C-C/00011,4789.18,37693.92,Hecho
248,6702-C-C/00012,12,6702,ADG32 6702 NFORNES SL,MGZ01/ENTRA/00012,2025-11-19,18,2025-11-19,ROCALLA SA,C-C/00012,3373.48,41067.40,Hecho
249,6702-C-C/00017,13,6702,ADG32 6702 NFORNES SL,MGZ01/ENTRA/00013,2025-11-26,15,2025-11-26,ALUBIX SL,C-C/00017,4675.44,45742.84,Hecho
250,6702-C-C/00018,14,6702,ADG32 6702 NFORNES SL,MGZ01/ENTRA/00014,2025-11-26,21,2025-11-26,ROCALLA SA,C-C/00018,3150.84,48893.68,Hecho
251,6702-C-C/00019,15,6702,ADG32 6702 NFORNES SL,MGZ01/ENTRA/00015,2025-12-03,20,2025-12-03,ALUBIX SL,C-C/00019,4614.94,53508.62,Hecho
252,6702-C-C/00020,16,6702,ADG32 6702 NFORNES SL,MGZ01/ENTRA/00016,2025-12-03,23,2025-12-03,ROCALLA SA,C-C/00020,3358.96,56867.58,Hecho
253,6702-C-C/00021,17,6702,ADG32 6702 NFORNES SL,MGZ01/ENTRA/00017,2025-12-10,21,2025-12-10,ALUBIX SL,C-C/00021,5094.10,61961.68,Hecho
254,6702-C-C/00022,18,6702,ADG32 6702 NFORNES SL,MGZ01/ENTRA/00018,2025-12-10,26,2025-12-10,ROCALLA SA,C-C/00022,3228.28,65189.96,Hecho
255,6702-C-C/00023,19,6702,ADG32 6702 NFORNES SL,MGZ01/ENTRA/00019,2025-12-18,22,2025-12-18,ALUBIX SL,C-C/00023,4692.38,69882.34,Hecho
256,6702-C-C/00024,20,6702,ADG32 6702 NFORNES SL,MGZ01/ENTRA/00020,2025-12-18,31,2025-12-18,ROCALLA SA,C-C/00024,3267.00,73149.34,Hecho
257,6706-C-C/00001,1,6706,ADG32 6706 NSUIYHI SL,MGZ01/ENTRA/00001,2025-10-17,2,2025-10-17,ROCALLA SA,C-C/00001,1582.68,1582.68,Hecho
258,6706-C-C/00002,2,6706,ADG32 6706 NSUIYHI SL,MGZ01/ENTRA/00002,2025-10-17,3,2025-10-17,ALUBIX SL,C-C/00002,849.42,2432.10,Hecho
259,6706-C-C/00003,3,6706,ADG32 6706 NSUIYHI SL,MGZ01/ENTRA/00003,2025-10-23,7,2025-10-22,ROCALLA SA,C-C/00003,4464.90,6897.00,Hecho
260,6706-C-C/00004,4,6706,ADG32 6706 NSUIYHI SL,MGZ01/ENTRA/00004,2025-10-23,8,2025-10-22,ALUBIX SL,C-C/00004,3869.58,10766.58,Hecho
261,6706-C-C/00005,5,6706,ADG32 6706 NSUIYHI SL,MGZ01/ENTRA/00005,2025-10-29,10,2025-10-29,ALUBIX SL,C-C/00005,3862.32,14628.90,Hecho
262,6706-C-C/00006,6,6706,ADG32 6706 NSUIYHI SL,MGZ01/ENTRA/00006,2025-10-29,9,2025-10-29,ROCALLA SA,C-C/00006,4123.68,18752.58,Hecho
263,6706-C-C/00007,7,6706,ADG32 6706 NSUIYHI SL,MGZ01/ENTRA/00007,2025-11-05,14,2025-11-05,ALUBIX SL,C-C/00007,4486.68,23239.26,Hecho
264,6706-C-C/00008,8,6706,ADG32 6706 NSUIYHI SL,MGZ01/ENTRA/00008,2025-11-05,14,2025-11-05,ROCALLA SA,C-C/00008,3477.54,26716.80,Hecho
265,6706-C-C/00009,9,6706,ADG32 6706 NSUIYHI SL,MGZ01/ENTRA/00009,2025-11-12,17,2025-11-12,ALUBIX SL,C-C/00009,4094.64,30811.44,Hecho
266,6706-C-C/00010,10,6706,ADG32 6706 NSUIYHI SL,MGZ01/ENTRA/00010,2025-11-12,18,2025-11-12,ROCALLA SA,C-C/00010,4268.88,35080.32,Hecho
267,6706-C-C/00011,11,6706,ADG32 6706 NSUIYHI SL,MGZ01/ENTRA/00012,2025-11-19,19,2025-11-19,ROCALLA SA,C-C/00011,3659.04,38739.36,Hecho
268,6706-C-C/00012,12,6706,ADG32 6706 NSUIYHI SL,MGZ01/ENTRA/00013,2025-11-19,21,2025-11-19,ALUBIX SL,C-C/00012,4297.92,43037.28,Hecho
269,6706-C-C/00013,13,6706,ADG32 6706 NSUIYHI SL,MGZ01/ENTRA/00014,2025-11-26,25,2025-11-26,ALUBIX SL,C-C/00013,4646.40,47683.68,Hecho
270,6706-C-C/00014,14,6706,ADG32 6706 NSUIYHI SL,MGZ01/ENTRA/00015,2025-11-26,22,2025-11-26,ROCALLA SA,C-C/00014,4414.08,52097.76,Hecho
271,6706-C-C/00015,15,6706,ADG32 6706 NSUIYHI SL,MGZ01/ENTRA/00016,2025-12-03,30,2025-12-03,ALUBIX SL,C-C/00015,3731.64,55829.40,Hecho
272,6706-C-C/00016,16,6706,ADG32 6706 NSUIYHI SL,MGZ01/ENTRA/00017,2025-12-03,25,2025-12-03,ROCALLA SA,C-C/00016,4443.12,60272.52,Hecho
273,6706-C-C/00017,17,6706,ADG32 6706 NSUIYHI SL,MGZ01/ENTRA/00018,2025-12-10,26,2025-12-10,ROCALLA SA,C-C/00017,4014.78,64287.30,Hecho
274,6706-C-C/00018,18,6706,ADG32 6706 NSUIYHI SL,MGZ01/ENTRA/00019,2025-12-10,33,2025-12-10,ALUBIX SL,C-C/00018,3615.48,67902.78,Hecho
275,6706-C-C/00019,19,6706,ADG32 6706 NSUIYHI SL,MGZ01/ENTRA/00020,2025-12-18,30,2025-12-18,ROCALLA SA,C-C/00019,3346.86,71249.64,Hecho
276,6706-C-C/00020,20,6706,ADG32 6706 NSUIYHI SL,MGZ01/ENTRA/00021,2025-12-18,35,2025-12-18,ALUBIX SL,C-C/00020,3332.34,74581.98,Hecho
277,6706-C-C/00020,21,6706,ADG32 6706 NSUIYHI SL,MGZ01/ENTRA/00022,,,,ALUBIX SL,C-C/00020,,74581.98,Borrador
278,6706-C-C/00021,22,6706,ADG32 6706 NSUIYHI SL,MGZ01/ENTRA/00023,2025-12-18,39,2025-12-18,ALUBIX SL,C-C/00021,72.60,74654.58,Hecho
279,6707-C-C/00001,1,6707,ADG32 6707 MOUAZINE SL,MGZ01/ENTRA/00001,2025-10-17,2,2025-10-17,ROCALLA SA,C-C/00001,1408.44,1408.44,Hecho
280,6707-C-C/00002,2,6707,ADG32 6707 MOUAZINE SL,MGZ01/ENTRA/00002,2025-10-17,1,2025-10-17,ALUBIX SL,C-C/00002,1323.74,2732.18,Hecho
281,6707-C-C/00003,3,6707,ADG32 6707 MOUAZINE SL,MGZ01/ENTRA/00003,2025-10-22,3,2025-10-22,ALUBIX SL,C-C/00003,4293.08,7025.26,Hecho
282,6707-C-C/00004,4,6707,ADG32 6707 MOUAZINE SL,MGZ01/ENTRA/00004,2025-10-22,6,2025-10-22,ROCALLA SA,C-C/00004,4421.34,11446.60,Hecho
283,6707-C-C/00005,5,6707,ADG32 6707 MOUAZINE SL,MGZ01/ENTRA/00005,2025-10-29,10,2025-10-29,ROCALLA SA,C-C/00005,4145.46,15592.06,Hecho
284,6707-C-C/00006,6,6707,ADG32 6707 MOUAZINE SL,MGZ01/ENTRA/00006,2025-10-29,6,2025-10-29,ALUBIX SL,C-C/00006,4135.78,19727.84,Hecho
285,6707-C-C/00007,7,6707,ADG32 6707 MOUAZINE SL,MGZ01/ENTRA/00007,2025-11-05,10,2025-11-05,ALUBIX SL,C-C/00007,3947.02,23674.86,Hecho
286,6707-C-C/00008,8,6707,ADG32 6707 MOUAZINE SL,MGZ01/ENTRA/00008,2025-11-05,15,2025-11-05,ROCALLA SA,C-C/00008,4094.64,27769.50,Hecho
287,6707-C-C/00009,9,6707,ADG32 6707 MOUAZINE SL,MGZ01/ENTRA/00009,2025-11-14,13,2025-11-13,ALUBIX SL,C-C/00009,3821.18,31590.68,Hecho
288,6707-C-C/00010,10,6707,ADG32 6707 MOUAZINE SL,MGZ01/ENTRA/00010,2025-11-14,16,2025-11-13,ROCALLA SA,C-C/00010,3930.08,35520.76,Hecho
289,6707-C-C/00011,11,6707,ADG32 6707 MOUAZINE SL,MGZ01/ENTRA/00011,2025-11-19,19,2025-11-19,ROCALLA SA,C-C/00011,3888.94,39409.70,Hecho
290,6707-C-C/00012,12,6707,ADG32 6707 MOUAZINE SL,MGZ01/ENTRA/00012,2025-11-19,18,2025-11-19,ALUBIX SL,C-C/00012,3821.18,43230.88,Hecho
291,6707-C-C/00013,13,6707,ADG32 6707 MOUAZINE SL,MGZ01/ENTRA/00013,2025-11-26,24,2025-11-26,ROCALLA SA,C-C/00013,4038.98,47269.86,Hecho
292,6707-C-C/00014,14,6707,ADG32 6707 MOUAZINE SL,MGZ01/ENTRA/00014,2025-11-26,21,2025-11-26,ALUBIX SL,C-C/00014,4087.38,51357.24,Hecho
293,6707-C-C/00015,15,6707,ADG32 6707 MOUAZINE SL,MGZ01/ENTRA/00015,2025-12-03,22,2025-12-03,ALUBIX SL,C-C/00015,4026.88,55384.12,Hecho
294,6707-C-C/00016,16,6707,ADG32 6707 MOUAZINE SL,MGZ01/ENTRA/00016,2025-12-03,28,2025-12-03,ROCALLA SA,C-C/00016,4014.78,59398.90,Hecho
295,6707-C-C/00017,17,6707,ADG32 6707 MOUAZINE SL,MGZ01/ENTRA/00017,2025-12-10,25,2025-12-12,ALUBIX SL,C-C/00017,4290.66,63689.56,Hecho
296,6707-C-C/00018,18,6707,ADG32 6707 MOUAZINE SL,MGZ01/ENTRA/00018,2025-12-10,33,2025-12-10,ROCALLA SA,C-C/00018,3961.54,67651.10,Hecho
297,6707-C-C/00019,19,6707,ADG32 6707 MOUAZINE SL,MGZ01/ENTRA/00019,2025-12-18,37,2025-12-18,ROCALLA SA,C-C/00019,4433.44,72084.54,Hecho
298,6707-C-C/00020,20,6707,ADG32 6707 MOUAZINE SL,MGZ01/ENTRA/00020,2025-12-18,29,2025-12-18,ALUBIX SL,C-C/00020,4205.96,76290.50,Hecho
299,6734-C-C/00001,1,6734,ADG32 6734 LABOLAFIO SL,MGZ01/ENTRA/00001,2025-10-17,3,2025-10-17,ROCALLA SA,C-C/00001,1089.00,1089.00,Hecho
300,6734-C-C/00002,2,6734,ADG32 6734 LABOLAFIO SL,MGZ01/ENTRA/00002,2025-10-17,2,2025-10-17,ALUBIX SL,C-C/00002,1638.34,2727.34,Hecho
301,6734-C-C/00003,3,6734,ADG32 6734 LABOLAFIO SL,MGZ01/ENTRA/00003,2025-10-23,7,2025-10-23,ALUBIX SL,C-C/00003,4704.48,7431.82,Hecho
302,6734-C-C/00004,4,6734,ADG32 6734 LABOLAFIO SL,MGZ01/ENTRA/00004,2025-10-23,8,2025-10-23,ROCALLA SA,C-C/00004,3315.40,10747.22,Hecho
303,6734-C-C/00005,5,6734,ADG32 6734 LABOLAFIO SL,MGZ01/ENTRA/00005,2025-10-29,12,2025-10-29,ALUBIX SL,C-C/00005,4481.84,15229.06,Hecho
304,6734-C-C/00006,6,6734,ADG32 6734 LABOLAFIO SL,MGZ01/ENTRA/00006,2025-10-29,10,2025-10-29,ROCALLA SA,C-C/00006,3000.80,18229.86,Hecho
305,6734-C-C/00007,7,6734,ADG32 6734 LABOLAFIO SL,MGZ01/ENTRA/00007,2025-11-05,17,2025-11-05,ALUBIX SL,C-C/00007,5164.28,23394.14,Hecho
306,6734-C-C/00008,8,6734,ADG32 6734 LABOLAFIO SL,MGZ01/ENTRA/00008,2025-11-05,11,2025-11-05,ROCALLA SA,C-C/00008,3521.10,26915.24,Hecho
307,6734-C-C/00009,9,6734,ADG32 6734 LABOLAFIO SL,MGZ01/ENTRA/00009,2025-11-12,20,2025-11-12,ALUBIX SL,C-C/00009,4694.80,31610.04,Hecho
308,6734-C-C/00010,10,6734,ADG32 6734 LABOLAFIO SL,MGZ01/ENTRA/00010,2025-11-12,15,2025-11-12,ROCALLA SA,C-C/00010,3273.05,34883.09,Hecho
309,6734-C-C/00011,11,6734,ADG32 6734 LABOLAFIO SL,MGZ01/ENTRA/00011,2025-11-20,24,2025-11-20,ALUBIX SL,C-C/00011,5103.78,39986.87,Hecho
310,6734-C-C/00012,12,6734,ADG32 6734 LABOLAFIO SL,MGZ01/ENTRA/00012,2025-11-20,20,2025-11-20,ROCALLA SA,C-C/00012,3067.35,43054.22,Hecho
311,6734-C-C/00013,13,6734,ADG32 6734 LABOLAFIO SL,MGZ01/ENTRA/00013,2025-11-26,30,2025-11-26,ALUBIX SL,C-C/00013,5055.38,48109.60,Hecho
312,6734-C-C/00014,14,6734,ADG32 6734 LABOLAFIO SL,MGZ01/ENTRA/00014,2025-11-26,23,2025-11-26,ROCALLA SA,C-C/00014,3763.10,51872.70,Hecho
313,6734-C-C/00015,15,6734,ADG32 6734 LABOLAFIO SL,MGZ01/ENTRA/00015,2025-11-26,34,2025-11-26,ALUBIX SL,C-C/00015,522.72,52395.42,Hecho
314,6734-C-C/00016,16,6734,ADG32 6734 LABOLAFIO SL,MGZ01/ENTRA/00016,2025-12-03,36,2025-12-03,ALUBIX SL,C-C/00016,4549.60,56945.02,Hecho
315,6734-C-C/00017,17,6734,ADG32 6734 LABOLAFIO SL,MGZ01/ENTRA/00017,2025-12-03,24,2025-12-03,ROCALLA SA,C-C/00017,3557.40,60502.42,Hecho
316,6734-C-C/00018,18,6734,ADG32 6734 LABOLAFIO SL,MGZ01/ENTRA/00018,2025-12-10,25,2025-12-10,ROCALLA SA,C-C/00018,3267.00,63769.42,Hecho
317,6734-C-C/00019,19,6734,ADG32 6734 LABOLAFIO SL,MGZ01/ENTRA/00019,2025-12-10,41,2025-12-10,ALUBIX SL,C-C/00019,5052.96,68822.38,Hecho
318,6734-C-C/00020,20,6734,ADG32 6734 LABOLAFIO SL,MGZ01/ENTRA/00020,2025-12-17,43,2025-12-17,ALUBIX SL,C-C/00020,4510.88,73333.26,Hecho
319,6734-C-C/00021,21,6734,ADG32 6734 LABOLAFIO SL,MGZ01/ENTRA/00021,2025-12-17,27,2025-12-17,ROCALLA SA,C-C/00021,3236.75,76570.01,Hecho
320,6746-C-C/00001,1,6746,ADG32 6746 ELLADO SL,MGZ01/ENTRA/00001,2025-10-17,3,2025-10-17,ROCALLA SA,C-C/00001,1422.96,1422.96,Hecho
321,6746-C-C/00002,2,6746,ADG32 6746 ELLADO SL,MGZ01/ENTRA/00002,2025-10-17,2,2025-10-17,ALUBIX SL,C-C/00002,1074.48,2497.44,Hecho
322,6746-C-C/00003,3,6746,ADG32 6746 ELLADO SL,MGZ01/ENTRA/00003,2025-10-22,8,2025-10-22,ROCALLA SA,C-C/00003,4639.14,7136.58,Hecho
323,6746-C-C/00004,4,6746,ADG32 6746 ELLADO SL,MGZ01/ENTRA/00004,2025-10-22,3,2025-10-22,ALUBIX SL,C-C/00004,3765.52,10902.10,Hecho
324,6746-C-C/00006,5,6746,ADG32 6746 ELLADO SL,MGZ01/ENTRA/00008,2025-10-29,11,2025-10-29,ROCALLA SA,C-C/00006,4711.74,15613.84,Hecho
325,6746-C-C/00007,6,6746,ADG32 6746 ELLADO SL,MGZ01/ENTRA/00009,2025-10-29,6,2025-10-29,ALUBIX SL,C-C/00007,3494.48,19108.32,Hecho
326,6746-C-C/00008,7,6746,ADG32 6746 ELLADO SL,MGZ01/ENTRA/00010,2025-11-05,15,2025-11-05,ROCALLA SA,C-C/00008,4227.74,23336.06,Hecho
327,6746-C-C/00009,8,6746,ADG32 6746 ELLADO SL,MGZ01/ENTRA/00011,2025-11-05,10,2025-11-05,ALUBIX SL,C-C/00009,3627.58,26963.64,Hecho
328,6746-C-C/00010,9,6746,ADG32 6746 ELLADO SL,MGZ01/ENTRA/00012,2025-11-12,17,2025-11-12,ROCALLA SA,C-C/00010,4480.63,31444.27,Hecho
329,6746-C-C/00011,10,6746,ADG32 6746 ELLADO SL,MGZ01/ENTRA/00013,2025-11-12,14,2025-11-12,ALUBIX SL,C-C/00011,3588.86,35033.13,Hecho
330,6746-C-C/00012,11,6746,ADG32 6746 ELLADO SL,MGZ01/ENTRA/00014,2025-11-19,15,2025-11-19,ALUBIX SL,C-C/00012,3119.38,38152.51,Hecho
331,6746-C-C/00013,12,6746,ADG32 6746 ELLADO SL,MGZ01/ENTRA/00015,2025-11-19,22,2025-11-19,ROCALLA SA,C-C/00013,4341.48,42493.99,Hecho
332,6746-C-C/00014,13,6746,ADG32 6746 ELLADO SL,MGZ01/ENTRA/00016,2025-11-26,18,2025-11-26,ALUBIX SL,C-C/00014,3075.82,45569.81,Hecho
333,6746-C-C/00015,14,6746,ADG32 6746 ELLADO SL,MGZ01/ENTRA/00017,2025-11-26,27,2025-11-26,ROCALLA SA,C-C/00015,4254.36,49824.17,Hecho
334,6746-C-C/00016,15,6746,ADG32 6746 ELLADO SL,MGZ01/ENTRA/00018,2025-11-26,21,2025-11-26,ALUBIX SL,C-C/00016,36.30,49860.47,Hecho
335,6746-C-C/00017,16,6746,ADG32 6746 ELLADO SL,MGZ01/ENTRA/00020,2025-12-03,30,2025-12-03,ROCALLA SA,C-C/00017,4464.90,54325.37,Hecho
336,6746-C-C/00018,17,6746,ADG32 6746 ELLADO SL,MGZ01/ENTRA/00021,2025-12-03,24,2025-12-03,ALUBIX SL,C-C/00018,3569.50,57894.87,Hecho
337,6746-C-C/00019,18,6746,ADG32 6746 ELLADO SL,MGZ01/ENTRA/00022,2025-12-10,27,2025-12-10,ALUBIX SL,C-C/00019,4157.56,62052.43,Hecho
338,6746-C-C/00020,19,6746,ADG32 6746 ELLADO SL,MGZ01/ENTRA/00023,2025-12-10,34,2025-12-10,ROCALLA SA,C-C/00020,4798.86,66851.29,Hecho
339,6746-C-C/00021,20,6746,ADG32 6746 ELLADO SL,MGZ01/ENTRA/00024,2025-12-18,28,2025-12-17,ALUBIX SL,C-C/00021,3617.90,70469.19,Hecho
340,6746-C-C/00022,21,6746,ADG32 6746 ELLADO SL,MGZ01/ENTRA/00025,2025-12-18,36,2025-12-17,ROCALLA SA,C-C/00022,5154.60,75623.79,Hecho
341,6777-C-C/00001,1,6777,ADG32 6777 JGARCIA SL,MGZ01/ENTRA/00001,2025-10-17,3,2025-10-17,ROCALLA SA,C-C/00001,1577.84,1577.84,Hecho
342,6777-C-C/00002,2,6777,ADG32 6777 JGARCIA SL,MGZ01/ENTRA/00002,2025-10-17,5,2025-10-17,ALUBIX SL,C-C/00002,1476.20,3054.04,Hecho
343,6777-C-C/00003,3,6777,ADG32 6777 JGARCIA SL,MGZ01/ENTRA/00003,2025-10-22,9,2025-10-22,ALUBIX SL,C-C/00003,4036.56,7090.60,Hecho
344,6777-C-C/00004,4,6777,ADG32 6777 JGARCIA SL,MGZ01/ENTRA/00004,2025-10-22,8,2025-10-22,ROCALLA SA,C-C/00004,3869.58,10960.18,Hecho
345,6777-C-C/00005,5,6777,ADG32 6777 JGARCIA SL,MGZ01/ENTRA/00005,2025-10-29,13,2025-10-29,ALUBIX SL,C-C/00005,3976.06,14936.24,Hecho
346,6777-C-C/00006,6,6777,ADG32 6777 JGARCIA SL,MGZ01/ENTRA/00006,2025-10-29,10,2025-10-29,ROCALLA SA,C-C/00006,4385.04,19321.28,Hecho
347,6777-C-C/00007,7,6777,ADG32 6777 JGARCIA SL,MGZ01/ENTRA/00007,2025-11-05,14,2025-11-05,ROCALLA SA,C-C/00007,4031.72,23353.00,Hecho
348,6777-C-C/00008,8,6777,ADG32 6777 JGARCIA SL,MGZ01/ENTRA/00008,2025-11-05,15,2025-11-05,ALUBIX SL,C-C/00008,3492.06,26845.06,Hecho
349,6777-C-C/00009,9,6777,ADG32 6777 JGARCIA SL,MGZ01/ENTRA/00009,2025-11-12,20,2025-11-12,ALUBIX SL,C-C/00009,4097.06,30942.12,Hecho
350,6777-C-C/00010,10,6777,ADG32 6777 JGARCIA SL,MGZ01/ENTRA/00010,2025-11-12,16,2025-11-12,ROCALLA SA,C-C/00010,3901.04,34843.16,Hecho
351,6777-C-C/00011,11,6777,ADG32 6777 JGARCIA SL,MGZ01/ENTRA/00011,2025-11-19,24,2025-11-19,ALUBIX SL,C-C/00011,4266.46,39109.62,Hecho
352,6777-C-C/00012,12,6777,ADG32 6777 JGARCIA SL,MGZ01/ENTRA/00012,2025-11-19,19,2025-11-19,ROCALLA SA,C-C/00012,4259.20,43368.82,Hecho
353,6777-C-C/00013,13,6777,ADG32 6777 JGARCIA SL,MGZ01/ENTRA/00013,2025-11-26,26,2025-11-26,ALUBIX SL,C-C/00013,3939.76,47308.58,Hecho
354,6777-C-C/00014,14,6777,ADG32 6777 JGARCIA SL,MGZ01/ENTRA/00014,2025-11-26,23,2025-11-26,ROCALLA SA,C-C/00014,4293.08,51601.66,Hecho
355,6777-C-C/00015,15,6777,ADG32 6777 JGARCIA SL,MGZ01/ENTRA/00015,2025-12-03,30,2025-12-03,ALUBIX SL,C-C/00015,3782.46,55384.12,Hecho
356,6777-C-C/00016,16,6777,ADG32 6777 JGARCIA SL,MGZ01/ENTRA/00016,2025-12-03,24,2025-12-03,ROCALLA SA,C-C/00016,3639.68,59023.80,Hecho
357,6777-C-C/00017,17,6777,ADG32 6777 JGARCIA SL,MGZ01/ENTRA/00017,2025-12-10,35,2025-12-10,ALUBIX SL,C-C/00017,3927.66,62951.46,Hecho
358,6777-C-C/00018,18,6777,ADG32 6777 JGARCIA SL,MGZ01/ENTRA/00018,2025-12-10,26,2025-12-10,ROCALLA SA,C-C/00018,3736.48,66687.94,Hecho
359,6777-C-C/00019,19,6777,ADG32 6777 JGARCIA SL,MGZ01/ENTRA/00019,2025-12-18,37,2025-12-18,ALUBIX SL,C-C/00019,2991.12,69679.06,Hecho
360,6777-C-C/00020,20,6777,ADG32 6777 JGARCIA SL,MGZ01/ENTRA/00020,2025-12-18,30,2025-12-18,ROCALLA SA,C-C/00020,4256.78,73935.84,Hecho
361,6777-C-C/00021,21,6777,ADG32 6777 JGARCIA SL,MGZ01/ENTRA/00029,2025-12-19,41,2025-12-19,ALUBIX SL,C-C/00021,992.20,74928.04,Hecho
362,6777-C-C/00022,22,6777,ADG32 6777 JGARCIA SL,MGZ01/ENTRA/00030,2025-12-19,32,2025-12-19,ROCALLA SA,C-C/00022,1602.04,76530.08,Hecho
363,6844-C-C/00001,1,6844,ADG32 6844 TTRAMULLAS SL,MGZ01/ENTRA/00001,2025-10-17,1,2025-10-17,ALUBIX SL,C-C/00001,1488.30,1488.30,Hecho
364,6844-C-C/00002,2,6844,ADG32 6844 TTRAMULLAS SL,MGZ01/ENTRA/00002,2025-10-17,4,2025-10-17,ROCALLA SA,C-C/00002,1205.16,2693.46,Hecho
365,6844-C-C/00003,3,6844,ADG32 6844 TTRAMULLAS SL,MGZ01/ENTRA/00003,2025-10-23,2,2025-10-22,ALUBIX SL,C-C/00003,6824.40,9517.86,Hecho
366,6844-C-C/00004,4,6844,ADG32 6844 TTRAMULLAS SL,MGZ01/ENTRA/00004,2025-10-23,8,2025-10-22,ROCALLA SA,C-C/00004,3550.14,13068.00,Hecho
367,6844-C-C/00005,5,6844,ADG32 6844 TTRAMULLAS SL,MGZ01/ENTRA/00005,2025-10-29,5,2025-10-29,ALUBIX SL,C-C/00005,2432.10,15500.10,Hecho
368,6844-C-C/00006,6,6844,ADG32 6844 TTRAMULLAS SL,MGZ01/ENTRA/00006,2025-10-29,10,2025-10-29,ROCALLA SA,C-C/00006,3315.40,18815.50,Hecho
369,6844-C-C/00007,7,6844,ADG32 6844 TTRAMULLAS SL,MGZ01/ENTRA/00007,2025-11-05,11,2025-11-05,ROCALLA SA,C-C/00007,3396.47,22211.97,Hecho
370,6844-C-C/00008,8,6844,ADG32 6844 TTRAMULLAS SL,MGZ01/ENTRA/00008,2025-11-05,10,2025-11-05,ALUBIX SL,C-C/00008,4731.10,26943.07,Hecho
371,6844-C-C/00009,9,6844,ADG32 6844 TTRAMULLAS SL,MGZ01/ENTRA/00009,2025-11-12,14,2025-11-12,ALUBIX SL,C-C/00009,4634.30,31577.37,Hecho
372,6844-C-C/00010,10,6844,ADG32 6844 TTRAMULLAS SL,MGZ01/ENTRA/00010,2025-11-12,12,2025-11-12,ROCALLA SA,C-C/00010,3512.63,35090.00,Hecho
373,6844-C-C/00011,11,6844,ADG32 6844 TTRAMULLAS SL,MGZ01/ENTRA/00011,2025-11-19,15,2025-11-19,ALUBIX SL,C-C/00011,4900.50,39990.50,Hecho
374,6844-C-C/00012,12,6844,ADG32 6844 TTRAMULLAS SL,MGZ01/ENTRA/00012,2025-11-19,16,2025-11-19,ROCALLA SA,C-C/00012,4014.78,44005.28,Hecho
375,6844-C-C/00013,13,6844,ADG32 6844 TTRAMULLAS SL,MGZ01/ENTRA/00013,2025-11-26,20,2025-11-26,ALUBIX SL,C-C/00013,3847.80,47853.08,Hecho
376,6844-C-C/00014,14,6844,ADG32 6844 TTRAMULLAS SL,MGZ01/ENTRA/00014,2025-11-26,17,2025-11-26,ROCALLA SA,C-C/00014,2965.71,50818.79,Hecho
377,6844-C-C/00015,15,6844,ADG32 6844 TTRAMULLAS SL,MGZ01/ENTRA/00015,2025-12-05,21,2025-12-05,ALUBIX SL,C-C/00015,5336.10,56154.89,Hecho
378,6844-C-C/00016,16,6844,ADG32 6844 TTRAMULLAS SL,MGZ01/ENTRA/00016,2025-12-05,18,2025-12-05,ROCALLA SA,C-C/00016,3587.65,59742.54,Hecho
379,6844-C-C/00017,17,6844,ADG32 6844 TTRAMULLAS SL,MGZ01/ENTRA/00017,2025-12-10,25,2025-12-10,ALUBIX SL,C-C/00017,4876.30,64618.84,Hecho
380,6844-C-C/00018,18,6844,ADG32 6844 TTRAMULLAS SL,MGZ01/ENTRA/00018,2025-12-10,21,2025-12-10,ROCALLA SA,C-C/00018,3421.88,68040.72,Hecho
381,6844-C-C/00019,19,6844,ADG32 6844 TTRAMULLAS SL,MGZ01/ENTRA/00019,2025-12-19,26,2025-12-19,ALUBIX SL,C-C/00019,5832.20,73872.92,Hecho
382,6844-C-C/00020,20,6844,ADG32 6844 TTRAMULLAS SL,MGZ01/ENTRA/00020,2025-12-19,25,2025-12-19,ROCALLA SA,C-C/00020,2971.76,76844.68,Hecho