R_IDTOTS_C,R_ID_C,R_EXPEDIENT_C,R_EMPRESA_C,R_ESTADO_FC,R_PROVEEDOR_C,R_FECHA_EMISION_C,R_NUMERO_CP,R_NUMERO_CA,R_NUMERO_CF,R_IMPORTE_C,R_ACUMULADO_C
1,1,5796,ADG32 5796 NSACARES SL,Cancel·lada,ALUBIX SL,2025-10-17,535275,1,2025/00001,1130.14,1130.14
2,2,5796,ADG32 5796 NSACARES SL,Cancel·lada,ROCALLA SA,2025-10-17,535296,5,2025/00002,1314.06,2444.20
3,3,5796,ADG32 5796 NSACARES SL,Pagada,ALUBIX SL,2025-10-22,537495,10,2025/00005,3714.70,6158.90
4,4,5796,ADG32 5796 NSACARES SL,Pagada,ROCALLA SA,2025-10-22,537501,10,2025/00005,4319.70,10478.60
5,5,5796,ADG32 5796 NSACARES SL,Pagada,ALUBIX SL,2025-10-29,540082,13,2025/00006,3780.04,14258.64
6,6,5796,ADG32 5796 NSACARES SL,Pagada,ROCALLA SA,2025-10-29,540087,15,2025/00010,4126.10,18384.74
7,7,5796,ADG32 5796 NSACARES SL,Pagada,ALUBIX SL,2025-11-05,542282,17,2025/00008,3523.52,21908.26
8,8,5796,ADG32 5796 NSACARES SL,Pagada,ROCALLA SA,2025-11-05,542284,17,2025/00013,4467.32,26375.58
9,9,5796,ADG32 5796 NSACARES SL,Pagada,ALUBIX SL,2025-11-12,544978,20,2025/00013,4038.98,30414.56
10,10,5796,ADG32 5796 NSACARES SL,Pagada,ROCALLA SA,2025-11-12,544979,18,2025/00017,4481.84,34896.40
11,11,5796,ADG32 5796 NSACARES SL,Pagada,ALUBIX SL,2025-11-19,547874,22,2025/00017,3518.68,38415.08
12,12,5796,ADG32 5796 NSACARES SL,Pagada,ROCALLA SA,2025-11-19,547875,22,2025/00018,3574.34,41989.42
13,13,5796,ADG32 5796 NSACARES SL,Pagada,ALUBIX SL,2025-11-26,551183,23,2025/00021,3695.34,45684.76
14,14,5796,ADG32 5796 NSACARES SL,Pagada,ROCALLA SA,2025-11-26,551187,27,2025/00022,3947.02,49631.78
15,15,5796,ADG32 5796 NSACARES SL,Pagada,ALUBIX SL,2025-12-03,554187,27,2025/00024,3605.80,53237.58
16,16,5796,ADG32 5796 NSACARES SL,Pagada,ROCALLA SA,2025-12-03,554188,31,2025/00027,4157.56,57395.14
17,17,5796,ADG32 5796 NSACARES SL,Pagada,ALUBIX SL,2025-12-10,556692,30,2025/00028,3780.04,61175.18
18,18,5796,ADG32 5796 NSACARES SL,Pagada,ROCALLA SA,2025-12-10,556693,32,2025/00032,4414.08,65589.26
19,19,5796,ADG32 5796 NSACARES SL,Pagada,ALUBIX SL,2025-12-17,560877,33,2025/00032,3927.66,69516.92
20,20,5796,ADG32 5796 NSACARES SL,Pagada,ROCALLA SA,2025-12-17,560878,35,2025/00037,4307.60,73824.52
21,21,5796,ADG32 5796 NSACARES SL,Pagada,ALUBIX SL,2025-12-29,561696,34,2025/00034,162.14,73986.66
22,22,5796,ADG32 5796 NSACARES SL,Pagada,ROCALLA SA,2025-12-29,561697,39,2025/00041,157.30,74143.96
23,1,6265,ADG32 6265 SMORENO SL,Pagada,ALUBIX SL,2025-10-17,535282,5,2025/00003,1274.13,1274.13
24,2,6265,ADG32 6265 SMORENO SL,Pagada,ROCALLA SA,2025-10-17,535304,2,2025/00004,1231.78,2505.91
25,3,6265,ADG32 6265 SMORENO SL,Pagada,ALUBIX SL,2025-10-22,537485,6,2025/00008,3816.34,6322.25
26,4,6265,ADG32 6265 SMORENO SL,Pagada,ROCALLA SA,2025-10-22,537489,7,2025/00005,4205.96,10528.21
27,5,6265,ADG32 6265 SMORENO SL,Pagada,ALUBIX SL,2025-10-29,540079,11,2025/00009,3764.31,14292.52
28,6,6265,ADG32 6265 SMORENO SL,Pagada,ROCALLA SA,2025-10-29,540091,9,2025/00009,3963.96,18256.48
29,7,6265,ADG32 6265 SMORENO SL,Pagada,ALUBIX SL,2025-11-05,542308,13,2025/00014,4164.82,22421.30
30,8,6265,ADG32 6265 SMORENO SL,Pagada,ROCALLA SA,2025-11-05,542324,10,2025/00010,4641.56,27062.86
31,9,6265,ADG32 6265 SMORENO SL,Pagada,ALUBIX SL,2025-11-12,544980,14,2025/00015,3760.68,30823.54
32,10,6265,ADG32 6265 SMORENO SL,Pagada,ROCALLA SA,2025-11-12,544983,13,2025/00013,3886.52,34710.06
33,11,6265,ADG32 6265 SMORENO SL,Pagada,ALUBIX SL,2025-11-19,547940,15,2025/00018,4780.71,39490.77
34,12,6265,ADG32 6265 SMORENO SL,Pagada,ROCALLA SA,2025-11-19,547942,17,2025/00017,3644.52,43135.29
35,13,6265,ADG32 6265 SMORENO SL,Pagada,ALUBIX SL,2025-11-26,551286,20,2025/00020,5021.50,48156.79
36,14,6265,ADG32 6265 SMORENO SL,Pagada,ROCALLA SA,2025-11-26,551295,19,2025/00022,3455.76,51612.55
37,15,6265,ADG32 6265 SMORENO SL,Pagada,ALUBIX SL,2025-12-03,554294,24,2025/00022,5042.07,56654.62
38,16,6265,ADG32 6265 SMORENO SL,Pagada,ROCALLA SA,2025-12-03,554301,23,2025/00024,3463.02,60117.64
39,17,6265,ADG32 6265 SMORENO SL,Pagada,ALUBIX SL,2025-12-10,556846,25,2025/00023,3903.46,64021.10
40,18,6265,ADG32 6265 SMORENO SL,Pagada,ROCALLA SA,2025-12-10,556853,26,2025/00028,3840.54,67861.64
41,19,6265,ADG32 6265 SMORENO SL,Pagada,ALUBIX SL,2025-12-18,561013,29,2025/00028,3898.62,71760.26
42,20,6265,ADG32 6265 SMORENO SL,Pagada,ROCALLA SA,2025-12-18,561014,28,2025/00033,3153.26,74913.52
43,21,6265,ADG32 6265 SMORENO SL,Pagada,ALUBIX SL,2025-12-30,561711,34,2025/00029,134.31,75047.83
44,22,6265,ADG32 6265 SMORENO SL,Pagada,ROCALLA SA,2025-12-30,561712,30,2025/00037,183.92,75231.75
45,1,6320,ADG32 6320 MNAVARRO SL,Pagada,ROCALLA SA,2025-10-20,536437,4,2025/00001,1173.70,1173.70
46,2,6320,ADG32 6320 MNAVARRO SL,Pagada,ALUBIX SL,2025-10-20,536438,3,2025/00003,1193.06,2366.76
47,3,6320,ADG32 6320 MNAVARRO SL,Pagada,ALUBIX SL,2025-10-22,537484,8,2025/00005,3494.48,5861.24
48,4,6320,ADG32 6320 MNAVARRO SL,Pagada,ROCALLA SA,2025-10-22,537486,8,2025/00003,3506.58,9367.82
49,5,6320,ADG32 6320 MNAVARRO SL,Pagada,ALUBIX SL,2025-10-29,540056,9,2025/00009,4418.92,13786.74
50,6,6320,ADG32 6320 MNAVARRO SL,Pagada,ROCALLA SA,2025-10-29,540057,12,2025/00004,4498.78,18285.52
51,7,6320,ADG32 6320 MNAVARRO SL,Pagada,ALUBIX SL,2025-11-05,542290,14,2025/00013,3988.16,22273.68
52,8,6320,ADG32 6320 MNAVARRO SL,Pagada,ROCALLA SA,2025-11-05,542293,16,2025/00007,3954.28,26227.96
53,9,6320,ADG32 6320 MNAVARRO SL,Pagada,ALUBIX SL,2025-11-12,544975,19,2025/00016,3988.16,30216.12
54,10,6320,ADG32 6320 MNAVARRO SL,Pagada,ROCALLA SA,2025-11-12,544981,19,2025/00009,3809.08,34025.20
55,11,6320,ADG32 6320 MNAVARRO SL,Pagada,ALUBIX SL,2025-11-20,549047,21,2025/00017,4539.92,38565.12
56,12,6320,ADG32 6320 MNAVARRO SL,Pagada,ROCALLA SA,2025-11-20,549048,20,2025/00012,4014.78,42579.90
57,13,6320,ADG32 6320 MNAVARRO SL,Pagada,ALUBIX SL,2025-11-26,551254,24,2025/00021,4653.66,47233.56
58,14,6320,ADG32 6320 MNAVARRO SL,Pagada,ROCALLA SA,2025-11-26,551267,22,2025/00015,4602.84,51836.40
59,15,6320,ADG32 6320 MNAVARRO SL,Pagada,ALUBIX SL,2025-12-03,554277,28,2025/00023,4087.38,55923.78
60,16,6320,ADG32 6320 MNAVARRO SL,Pagada,ROCALLA SA,2025-12-03,554290,25,2025/00016,4232.58,60156.36
61,17,6320,ADG32 6320 MNAVARRO SL,Pagada,ALUBIX SL,2025-12-10,556839,32,2025/00024,4334.22,64490.58
62,18,6320,ADG32 6320 MNAVARRO SL,Pagada,ROCALLA SA,2025-12-10,556843,26,2025/00017,4365.68,68856.26
63,19,6320,ADG32 6320 MNAVARRO SL,Pagada,ALUBIX SL,2025-12-18,561001,34,2025/00027,4082.54,72938.80
64,20,6320,ADG32 6320 MNAVARRO SL,Pagada,ROCALLA SA,2025-12-18,561002,27,2025/00020,3714.70,76653.50
65,21,6320,ADG32 6320 MNAVARRO SL,Pagada,ALUBIX SL,2025-12-29,561707,35,2025/00029,157.30,76810.80
66,22,6320,ADG32 6320 MNAVARRO SL,Pagada,ROCALLA SA,2025-12-29,561708,30,2025/00021,166.98,76977.78
67,1,6352,ADG32 6352 SAANANOU SL,Pagada,ALUBIX SL,2025-10-17,535285,4,2025/00003,1266.87,1266.87
68,2,6352,ADG32 6352 SAANANOU SL,Pagada,ROCALLA SA,2025-10-17,535312,3,2025/00001,1056.33,2323.20
69,3,6352,ADG32 6352 SAANANOU SL,Pagada,ALUBIX SL,2025-10-22,537112,8,2025/00008,4020.23,6343.43
70,4,6352,ADG32 6352 SAANANOU SL,Pagada,ROCALLA SA,2025-10-22,537115,5,2025/00005,3661.46,10004.89
71,5,6352,ADG32 6352 SAANANOU SL,Pagada,ALUBIX SL,2025-10-29,540133,13,2025/00010,4325.15,14330.04
72,6,6352,ADG32 6352 SAANANOU SL,Pagada,ROCALLA SA,2025-10-29,540134,6,2025/00007,3539.25,17869.29
73,7,6352,ADG32 6352 SAANANOU SL,Pagada,ALUBIX SL,2025-11-05,542386,15,2025/00012,4266.46,22135.75
74,8,6352,ADG32 6352 SAANANOU SL,Pagada,ROCALLA SA,2025-11-05,542389,8,2025/00009,3643.31,25779.06
75,9,6352,ADG32 6352 SAANANOU SL,Pagada,ALUBIX SL,2025-11-12,545031,20,2025/00015,4049.27,29828.33
76,10,6352,ADG32 6352 SAANANOU SL,Pagada,ROCALLA SA,2025-11-12,545032,12,2025/00013,3403.73,33232.06
77,11,6352,ADG32 6352 SAANANOU SL,Pagada,ALUBIX SL,2025-11-19,548396,24,2025/00017,3916.77,37148.83
78,12,6352,ADG32 6352 SAANANOU SL,Pagada,ROCALLA SA,2025-11-19,548397,16,2025/00017,3781.25,40930.08
79,13,6352,ADG32 6352 SAANANOU SL,Pagada,ALUBIX SL,2025-11-26,551300,25,2025/00019,4823.06,45753.14
80,14,6352,ADG32 6352 SAANANOU SL,Pagada,ROCALLA SA,2025-11-26,551301,19,2025/00019,4241.05,49994.19
81,15,6352,ADG32 6352 SAANANOU SL,Pagada,ALUBIX SL,2025-12-03,554360,27,2025/00024,4040.80,54034.99
82,16,6352,ADG32 6352 SAANANOU SL,Pagada,ROCALLA SA,2025-12-03,554362,24,2025/00024,3861.11,57896.10
83,17,6352,ADG32 6352 SAANANOU SL,Pagada,ALUBIX SL,2025-12-10,556920,28,2025/00028,4420.74,62316.84
84,18,6352,ADG32 6352 SAANANOU SL,Pagada,ROCALLA SA,2025-12-10,556921,29,2025/00027,3950.65,66267.49
85,19,6352,ADG32 6352 SAANANOU SL,Pagada,ALUBIX SL,2025-12-17,560955,30,2025/00029,3872.00,70139.49
86,20,6352,ADG32 6352 SAANANOU SL,Pagada,ROCALLA SA,2025-12-17,560956,32,2025/00031,3191.98,73331.47
87,21,6352,ADG32 6352 SAANANOU SL,Pagada,ALUBIX SL,2025-12-28,561694,35,2025/00034,158.51,73489.98
88,22,6352,ADG32 6352 SAANANOU SL,Pagada,ROCALLA SA,2025-12-28,561695,35,2025/00034,158.51,73648.49
89,1,6356,ADG32 6356 WAANANOU SL,Pagada,ALUBIX SL,2025-10-17,535295,1,2025/00005,1507.66,1507.66
90,2,6356,ADG32 6356 WAANANOU SL,Pagada,ROCALLA SA,2025-10-17,535313,5,2025/00004,1444.74,2952.40
91,3,6356,ADG32 6356 WAANANOU SL,Pagada,ALUBIX SL,2025-10-22,537160,4,2025/00009,4808.54,7760.94
92,4,6356,ADG32 6356 WAANANOU SL,Pagada,ROCALLA SA,2025-10-22,537767,8,2025/00008,4977.94,12738.88
93,5,6356,ADG32 6356 WAANANOU SL,Pagada,ALUBIX SL,2025-10-29,540159,6,2025/00012,3874.42,16613.30
94,6,6356,ADG32 6356 WAANANOU SL,Pagada,ROCALLA SA,2025-10-29,540161,10,2025/00010,3322.66,19935.96
95,7,6356,ADG32 6356 WAANANOU SL,Pagada,ALUBIX SL,2025-11-05,542874,9,2025/00013,4360.84,24296.80
96,8,6356,ADG32 6356 WAANANOU SL,Pagada,ROCALLA SA,2025-11-05,542875,15,2025/00012,2473.24,26770.04
97,9,6356,ADG32 6356 WAANANOU SL,Pagada,ALUBIX SL,2025-11-12,545041,12,2025/00014,4689.96,31460.00
98,10,6356,ADG32 6356 WAANANOU SL,Pagada,ROCALLA SA,2025-11-13,545755,17,2025/00017,3369.85,34829.85
99,11,6356,ADG32 6356 WAANANOU SL,Pagada,ROCALLA SA,2025-11-14,546232,20,2025/00018,326.70,35156.55
100,12,6356,ADG32 6356 WAANANOU SL,Pagada,ALUBIX SL,2025-11-19,547964,14,2025/00019,4418.92,39575.47
101,13,6356,ADG32 6356 WAANANOU SL,Pagada,ALUBIX SL,2025-11-19,548603,15,2025/00022,239.58,39815.05
102,14,6356,ADG32 6356 WAANANOU SL,Pagada,ROCALLA SA,2025-11-19,548606,23,2025/00022,3488.43,43303.48
103,15,6356,ADG32 6356 WAANANOU SL,Pagada,ROCALLA SA,2025-11-21,549377,28,2025/00027,14.52,43318.00
104,16,6356,ADG32 6356 WAANANOU SL,Pagada,ALUBIX SL,2025-11-26,551319,19,2025/00028,2814.46,46132.46
105,17,6356,ADG32 6356 WAANANOU SL,Pagada,ROCALLA SA,2025-11-26,551323,29,2025/00028,3196.82,49329.28
106,18,6356,ADG32 6356 WAANANOU SL,Pagada,ALUBIX SL,2025-11-26,551595,20,2025/00024,1422.96,50752.24
107,19,6356,ADG32 6356 WAANANOU SL,Pagada,ALUBIX SL,2025-12-03,554396,24,2025/00029,4767.40,55519.64
108,20,6356,ADG32 6356 WAANANOU SL,Pagada,ROCALLA SA,2025-12-03,554399,32,2025/00033,3803.03,59322.67
109,21,6356,ADG32 6356 WAANANOU SL,Pagada,ALUBIX SL,2025-12-10,557603,25,2025/00034,4314.86,63637.53
110,22,6356,ADG32 6356 WAANANOU SL,Pagada,ROCALLA SA,2025-12-10,557605,37,2025/00037,3623.95,67261.48
111,23,6356,ADG32 6356 WAANANOU SL,Pagada,ALUBIX SL,2025-12-17,560979,31,2025/00039,4997.30,72258.78
112,24,6356,ADG32 6356 WAANANOU SL,Pagada,ROCALLA SA,2025-12-17,560980,41,2025/00040,3662.67,75921.45
113,25,6356,ADG32 6356 WAANANOU SL,Pagada,ALUBIX SL,2025-12-29,561705,33,2025/00041,157.30,76078.75
114,26,6356,ADG32 6356 WAANANOU SL,Pagada,ROCALLA SA,2025-12-29,561706,45,2025/00041,158.51,76237.26
115,1,6366,ADG32 6366 JMORAGUES SL,Pagada,ALUBIX SL,2025-10-17,535278,3,2025/00002,1067.22,1067.22
116,2,6366,ADG32 6366 JMORAGUES SL,Pagada,ROCALLA SA,2025-10-17,535306,4,2025/00005,1353.99,2421.21
117,3,6366,ADG32 6366 JMORAGUES SL,Pagada,ALUBIX SL,2025-10-22,537109,8,2025/00003,3748.58,6169.79
118,4,6366,ADG32 6366 JMORAGUES SL,Pagada,ROCALLA SA,2025-10-22,537116,6,2025/00009,4239.84,10409.63
119,5,6366,ADG32 6366 JMORAGUES SL,Pagada,ALUBIX SL,2025-10-29,540059,10,2025/00006,3303.30,13712.93
120,6,6366,ADG32 6366 JMORAGUES SL,Pagada,ROCALLA SA,2025-10-29,540061,10,2025/00013,3873.21,17586.14
121,7,6366,ADG32 6366 JMORAGUES SL,Pagada,ALUBIX SL,2025-11-05,542307,11,2025/00011,4242.26,21828.40
122,8,6366,ADG32 6366 JMORAGUES SL,Pagada,ROCALLA SA,2025-11-05,542310,12,2025/00015,5150.97,26979.37
123,9,6366,ADG32 6366 JMORAGUES SL,Pagada,ALUBIX SL,2025-11-12,544984,15,2025/00014,3564.66,30544.03
124,10,6366,ADG32 6366 JMORAGUES SL,Pagada,ROCALLA SA,2025-11-12,544986,15,2025/00020,4773.45,35317.48
125,11,6366,ADG32 6366 JMORAGUES SL,Pagada,ALUBIX SL,2025-11-19,547936,20,2025/00018,3310.56,38628.04
126,12,6366,ADG32 6366 JMORAGUES SL,Pagada,ROCALLA SA,2025-11-19,547938,19,2025/00025,3767.94,42395.98
127,13,6366,ADG32 6366 JMORAGUES SL,Pagada,ALUBIX SL,2025-11-26,551253,21,2025/00020,3859.90,46255.88
128,14,6366,ADG32 6366 JMORAGUES SL,Pagada,ROCALLA SA,2025-11-26,551263,21,2025/00029,4265.25,50521.13
129,15,6366,ADG32 6366 JMORAGUES SL,Pagada,ALUBIX SL,2025-12-03,554336,25,2025/00025,3576.76,54097.89
130,16,6366,ADG32 6366 JMORAGUES SL,Pagada,ROCALLA SA,2025-12-03,554337,24,2025/00030,4345.11,58443.00
131,17,6366,ADG32 6366 JMORAGUES SL,Pagada,ALUBIX SL,2025-12-10,556849,29,2025/00028,3492.06,61935.06
132,18,6366,ADG32 6366 JMORAGUES SL,Pagada,ROCALLA SA,2025-12-10,556852,26,2025/00035,4189.02,66124.08
133,19,6366,ADG32 6366 JMORAGUES SL,Pagada,ALUBIX SL,2025-12-18,561023,32,2025/00031,3373.48,69497.56
134,20,6366,ADG32 6366 JMORAGUES SL,Pagada,ROCALLA SA,2025-12-18,561027,31,2025/00036,3767.94,73265.50
135,21,6366,ADG32 6366 JMORAGUES SL,Pagada,ALUBIX SL,2025-12-24,561672,36,2025/00036,162.14,73427.64
136,22,6366,ADG32 6366 JMORAGUES SL,Pagada,ROCALLA SA,2025-12-24,561673,34,2025/00039,163.35,73590.99
137,1,6368,ADG32 6368 LPIZA SL,Pagada,ALUBIX SL,2025-10-17,535321,4,2025/00004,1447.16,1447.16
138,2,6368,ADG32 6368 LPIZA SL,Pagada,ROCALLA SA,2025-10-17,535324,5,2025/00001,1672.22,3119.38
139,3,6368,ADG32 6368 LPIZA SL,Pagada,ALUBIX SL,2025-10-22,537130,8,2025/00006,3092.76,6212.14
140,4,6368,ADG32 6368 LPIZA SL,Pagada,ROCALLA SA,2025-10-22,537135,6,2025/00003,3559.82,9771.96
141,5,6368,ADG32 6368 LPIZA SL,Pagada,ALUBIX SL,2025-10-29,540077,11,2025/00007,3598.54,13370.50
142,6,6368,ADG32 6368 LPIZA SL,Pagada,ROCALLA SA,2025-10-29,540078,7,2025/00007,4264.04,17634.54
143,7,6368,ADG32 6368 LPIZA SL,Pagada,ALUBIX SL,2025-11-05,542304,14,2025/00010,3813.92,21448.46
144,8,6368,ADG32 6368 LPIZA SL,Pagada,ROCALLA SA,2025-11-05,542312,12,2025/00011,4714.16,26162.62
145,9,6368,ADG32 6368 LPIZA SL,Pagada,ALUBIX SL,2025-11-13,545514,16,2025/00013,3315.40,29478.02
146,10,6368,ADG32 6368 LPIZA SL,Pagada,ROCALLA SA,2025-11-13,545515,14,2025/00016,4486.68,33964.70
147,11,6368,ADG32 6368 LPIZA SL,Pagada,ALUBIX SL,2025-11-19,547920,18,2025/00018,3540.46,37505.16
148,12,6368,ADG32 6368 LPIZA SL,Pagada,ROCALLA SA,2025-11-19,547923,17,2025/00019,4176.92,41682.08
149,13,6368,ADG32 6368 LPIZA SL,Pagada,ALUBIX SL,2025-11-26,551381,23,2025/00023,3959.12,45641.20
150,14,6368,ADG32 6368 LPIZA SL,Pagada,ROCALLA SA,2025-11-26,551390,20,2025/00024,4271.30,49912.50
151,15,6368,ADG32 6368 LPIZA SL,Pagada,ALUBIX SL,2025-12-03,554313,24,2025/00027,3913.14,53825.64
152,16,6368,ADG32 6368 LPIZA SL,Pagada,ROCALLA SA,2025-12-03,554316,22,2025/00027,4663.34,58488.98
153,17,6368,ADG32 6368 LPIZA SL,Pagada,ALUBIX SL,2025-12-10,556851,28,2025/00030,3593.70,62082.68
154,18,6368,ADG32 6368 LPIZA SL,Pagada,ROCALLA SA,2025-12-10,556855,26,2025/00029,5186.06,67268.74
155,19,6368,ADG32 6368 LPIZA SL,Pagada,ALUBIX SL,2025-12-17,560474,32,2025/00031,3283.94,70552.68
156,20,6368,ADG32 6368 LPIZA SL,Pagada,ROCALLA SA,2025-12-17,560477,30,2025/00034,3741.32,74294.00
157,21,6368,ADG32 6368 LPIZA SL,Pagada,ALUBIX SL,2025-12-24,561675,34,2025/00034,171.82,74465.82
158,22,6368,ADG32 6368 LPIZA SL,Pagada,ROCALLA SA,2025-12-24,561677,31,2025/00036,162.14,74627.96
159,1,6369,ADG32 6369 VMASTRANGELO SL,Pagada,ALUBIX SL,2025-10-17,535276,1,2025/00002,1239.04,1239.04
160,2,6369,ADG32 6369 VMASTRANGELO SL,Pagada,ROCALLA SA,2025-10-17,535299,5,2025/00001,1593.57,2832.61
161,3,6369,ADG32 6369 VMASTRANGELO SL,Pagada,ALUBIX SL,2025-10-22,537048,2,2025/00009,1840.41,4673.02
162,4,6369,ADG32 6369 VMASTRANGELO SL,Pagada,ALUBIX SL,2025-10-22,537049,4,2025/00007,1583.89,6256.91
163,5,6369,ADG32 6369 VMASTRANGELO SL,Pagada,ROCALLA SA,2025-10-22,537052,7,2025/00005,4268.88,10525.79
164,6,6369,ADG32 6369 VMASTRANGELO SL,Pagada,ALUBIX SL,2025-10-29,540055,8,2025/00012,3286.36,13812.15
165,7,6369,ADG32 6369 VMASTRANGELO SL,Pagada,ROCALLA SA,2025-10-29,540058,12,2025/00009,4544.76,18356.91
166,8,6369,ADG32 6369 VMASTRANGELO SL,Pagada,ALUBIX SL,2025-11-05,542280,9,2025/00013,3501.74,21858.65
167,9,6369,ADG32 6369 VMASTRANGELO SL,Pagada,ROCALLA SA,2025-11-05,542281,13,2025/00014,4034.14,25892.79
168,10,6369,ADG32 6369 VMASTRANGELO SL,Pagada,ALUBIX SL,2025-11-12,544972,10,2025/00015,3682.64,29575.43
169,11,6369,ADG32 6369 VMASTRANGELO SL,Pagada,ROCALLA SA,2025-11-12,544977,17,2025/00015,4266.46,33841.89
170,12,6369,ADG32 6369 VMASTRANGELO SL,Pagada,ALUBIX SL,2025-11-19,547924,12,2025/00017,3590.07,37431.96
171,13,6369,ADG32 6369 VMASTRANGELO SL,Pagada,ROCALLA SA,2025-11-19,547925,21,2025/00017,4089.80,41521.76
172,14,6369,ADG32 6369 VMASTRANGELO SL,Pagada,ALUBIX SL,2025-11-26,551192,16,2025/00020,3931.29,45453.05
173,15,6369,ADG32 6369 VMASTRANGELO SL,Pagada,ROCALLA SA,2025-11-26,551194,26,2025/00022,4502.41,49955.46
174,16,6369,ADG32 6369 VMASTRANGELO SL,Pagada,ALUBIX SL,2025-12-03,554275,20,2025/00024,3245.83,53201.29
175,17,6369,ADG32 6369 VMASTRANGELO SL,Pagada,ROCALLA SA,2025-12-03,554280,30,2025/00027,4397.14,57598.43
176,18,6369,ADG32 6369 VMASTRANGELO SL,Pagada,ROCALLA SA,2025-12-03,554380,35,2025/00030,65.34,57663.77
177,19,6369,ADG32 6369 VMASTRANGELO SL,Pagada,ROCALLA SA,2025-12-10,556808,36,2025/00035,4440.70,62104.47
178,20,6369,ADG32 6369 VMASTRANGELO SL,Pagada,ALUBIX SL,2025-12-10,556812,24,2025/00027,3415.83,65520.30
179,21,6369,ADG32 6369 VMASTRANGELO SL,Pagada,ALUBIX SL,2025-12-17,560905,26,2025/00030,3581.60,69101.90
180,22,6369,ADG32 6369 VMASTRANGELO SL,Pagada,ROCALLA SA,2025-12-17,560906,38,2025/00037,4262.83,73364.73
181,23,6369,ADG32 6369 VMASTRANGELO SL,Pagada,ALUBIX SL,2025-12-24,561674,30,2025/00031,163.35,73528.08
182,24,6369,ADG32 6369 VMASTRANGELO SL,Pagada,ROCALLA SA,2025-12-24,561676,42,2025/00042,153.67,73681.75
183,1,6427,ADG32 6427 NANANOU SL,Pagada,ALUBIX SL,2025-10-17,535280,5,2025/00001,1352.78,1352.78
184,2,6427,ADG32 6427 NANANOU SL,Pagada,ROCALLA SA,2025-10-17,535303,3,2025/00001,786.50,2139.28
185,3,6427,ADG32 6427 NANANOU SL,Pagada,ALUBIX SL,2025-10-23,537782,7,2025/00005,4619.78,6759.06
186,4,6427,ADG32 6427 NANANOU SL,Pagada,ROCALLA SA,2025-10-23,537785,6,2025/00004,2870.12,9629.18
187,5,6427,ADG32 6427 NANANOU SL,Pagada,ALUBIX SL,2025-10-29,540130,8,2025/00007,4474.58,14103.76
188,6,6427,ADG32 6427 NANANOU SL,Pagada,ROCALLA SA,2025-10-29,540132,8,2025/00005,2618.44,16722.20
189,7,6427,ADG32 6427 NANANOU SL,Pagada,ALUBIX SL,2025-11-05,542342,9,2025/00010,5186.06,21908.26
190,8,6427,ADG32 6427 NANANOU SL,Pagada,ROCALLA SA,2025-11-05,542345,11,2025/00006,3274.26,25182.52
191,9,6427,ADG32 6427 NANANOU SL,Pagada,ALUBIX SL,2025-11-12,544987,13,2025/00014,4636.72,29819.24
192,10,6427,ADG32 6427 NANANOU SL,Pagada,ROCALLA SA,2025-11-12,544989,15,2025/00010,2816.88,32636.12
193,11,6427,ADG32 6427 NANANOU SL,Pagada,ALUBIX SL,2025-11-19,548604,18,2025/00018,4542.34,37178.46
194,12,6427,ADG32 6427 NANANOU SL,Pagada,ROCALLA SA,2025-11-19,548605,16,2025/00011,3332.34,40510.80
195,13,6427,ADG32 6427 NANANOU SL,Pagada,ALUBIX SL,2025-11-26,551241,20,2025/00022,4881.14,45391.94
196,14,6427,ADG32 6427 NANANOU SL,Pagada,ROCALLA SA,2025-11-26,551246,20,2025/00014,3160.52,48552.46
197,15,6427,ADG32 6427 NANANOU SL,Pagada,ALUBIX SL,2025-12-03,554338,25,2025/00024,4653.66,53206.12
198,16,6427,ADG32 6427 NANANOU SL,Pagada,ROCALLA SA,2025-12-03,554339,22,2025/00018,2792.68,55998.80
199,17,6427,ADG32 6427 NANANOU SL,Pagada,ALUBIX SL,2025-12-10,556848,29,2025/00028,5164.28,61163.08
200,18,6427,ADG32 6427 NANANOU SL,Pagada,ROCALLA SA,2025-12-10,556854,24,2025/00021,3254.90,64417.98
201,19,6427,ADG32 6427 NANANOU SL,Pagada,ALUBIX SL,2025-12-17,560936,31,2025/00029,4670.60,69088.58
202,20,6427,ADG32 6427 NANANOU SL,Pagada,ROCALLA SA,2025-12-17,560937,27,2025/00026,2974.18,72062.76
203,21,6427,ADG32 6427 NANANOU SL,Pagada,ALUBIX SL,2025-12-29,561701,32,2025/00031,171.82,72234.58
204,22,6427,ADG32 6427 NANANOU SL,Pagada,ROCALLA SA,2025-12-29,561703,30,2025/00029,157.30,72391.88
205,1,6428,ADG32 6428 ABOUBAL SL,Pagada,ALUBIX SL,2025-10-23,538001,3,2025/00003,5057.80,5057.80
206,2,6428,ADG32 6428 ABOUBAL SL,Pagada,ROCALLA SA,2025-10-23,538002,5,2025/00001,5619.24,10677.04
207,3,6428,ADG32 6428 ABOUBAL SL,Pagada,ALUBIX SL,2025-10-29,540108,8,2025/00008,3649.36,14326.40
208,4,6428,ADG32 6428 ABOUBAL SL,Pagada,ROCALLA SA,2025-10-29,540109,6,2025/00004,4179.34,18505.74
209,5,6428,ADG32 6428 ABOUBAL SL,Pagada,ALUBIX SL,2025-11-05,542319,10,2025/00010,4143.04,22648.78
210,6,6428,ADG32 6428 ABOUBAL SL,Pagada,ROCALLA SA,2025-11-05,542322,8,2025/00005,3934.92,26583.70
211,7,6428,ADG32 6428 ABOUBAL SL,Pagada,ALUBIX SL,2025-11-12,545025,11,2025/00015,3683.24,30266.94
212,8,6428,ADG32 6428 ABOUBAL SL,Pagada,ROCALLA SA,2025-11-12,545027,11,2025/00010,3932.50,34199.44
213,9,6428,ADG32 6428 ABOUBAL SL,Pagada,ALUBIX SL,2025-11-19,547912,16,2025/00016,4404.40,38603.84
214,10,6428,ADG32 6428 ABOUBAL SL,Pagada,ROCALLA SA,2025-11-19,547914,14,2025/00013,4302.76,42906.60
215,11,6428,ADG32 6428 ABOUBAL SL,Pagada,ALUBIX SL,2025-11-26,551342,17,2025/00021,3988.16,46894.76
216,12,6428,ADG32 6428 ABOUBAL SL,Pagada,ROCALLA SA,2025-11-26,551345,19,2025/00015,4215.64,51110.40
217,13,6428,ADG32 6428 ABOUBAL SL,Pagada,ALUBIX SL,2025-12-03,554308,20,2025/00026,3891.36,55001.76
218,14,6428,ADG32 6428 ABOUBAL SL,Pagada,ROCALLA SA,2025-12-03,554312,21,2025/00018,3978.48,58980.24
219,15,6428,ADG32 6428 ABOUBAL SL,Pagada,ALUBIX SL,2025-12-10,556977,25,2025/00030,3417.04,62397.28
220,16,6428,ADG32 6428 ABOUBAL SL,Pagada,ROCALLA SA,2025-12-10,556981,24,2025/00020,4164.82,66562.10
221,17,6428,ADG32 6428 ABOUBAL SL,Pagada,ALUBIX SL,2025-12-18,561157,28,2025/00031,3707.44,70269.54
222,18,6428,ADG32 6428 ABOUBAL SL,Pagada,ROCALLA SA,2025-12-18,561158,28,2025/00025,3724.38,73993.92
223,19,6428,ADG32 6428 ABOUBAL SL,Pagada,ALUBIX SL,2025-12-30,561714,31,2025/00034,164.56,74158.48
224,20,6428,ADG32 6428 ABOUBAL SL,Pagada,ROCALLA SA,2025-12-30,561715,31,2025/00029,162.14,74320.62
225,1,6431,ADG32 6431 GZOUGGAGHI SL,Pagada,ALUBIX SL,2025-10-17,535281,1,2025/00004,1287.44,1287.44
226,2,6431,ADG32 6431 GZOUGGAGHI SL,Pagada,ROCALLA SA,2025-10-17,535298,5,2025/00005,1345.52,2632.96
227,3,6431,ADG32 6431 GZOUGGAGHI SL,Pagada,ALUBIX SL,2025-10-22,537124,2,2025/00006,3165.36,5798.32
228,4,6431,ADG32 6431 GZOUGGAGHI SL,Pagada,ROCALLA SA,2025-10-22,537125,9,2025/00008,4019.62,9817.94
229,5,6431,ADG32 6431 GZOUGGAGHI SL,Pagada,ALUBIX SL,2025-10-29,540066,4,2025/00009,3472.70,13290.64
230,6,6431,ADG32 6431 GZOUGGAGHI SL,Pagada,ROCALLA SA,2025-10-29,540076,11,2025/00010,3726.80,17017.44
231,7,6431,ADG32 6431 GZOUGGAGHI SL,Pagada,ALUBIX SL,2025-11-05,542287,9,2025/00012,3661.46,20678.90
232,8,6431,ADG32 6431 GZOUGGAGHI SL,Pagada,ROCALLA SA,2025-11-05,542291,14,2025/00014,4048.66,24727.56
233,9,6431,ADG32 6431 GZOUGGAGHI SL,Pagada,ALUBIX SL,2025-11-12,545024,11,2025/00015,3552.56,28280.12
234,10,6431,ADG32 6431 GZOUGGAGHI SL,Pagada,ROCALLA SA,2025-11-12,545028,16,2025/00019,4135.78,32415.90
235,11,6431,ADG32 6431 GZOUGGAGHI SL,Pagada,ALUBIX SL,2025-11-19,547870,14,2025/00018,4034.14,36450.04
236,12,6431,ADG32 6431 GZOUGGAGHI SL,Pagada,ROCALLA SA,2025-11-19,547872,19,2025/00021,4075.28,40525.32
237,13,6431,ADG32 6431 GZOUGGAGHI SL,Pagada,ALUBIX SL,2025-11-26,551231,18,2025/00021,3467.86,43993.18
238,14,6431,ADG32 6431 GZOUGGAGHI SL,Pagada,ROCALLA SA,2025-11-26,551234,23,2025/00025,4285.82,48279.00
239,15,6431,ADG32 6431 GZOUGGAGHI SL,Pagada,ALUBIX SL,2025-12-03,554328,19,2025/00026,4164.82,52443.82
240,16,6431,ADG32 6431 GZOUGGAGHI SL,Pagada,ROCALLA SA,2025-12-03,554329,25,2025/00029,4456.43,56900.25
241,17,6431,ADG32 6431 GZOUGGAGHI SL,Pagada,ALUBIX SL,2025-12-10,556835,23,2025/00031,3930.08,60830.33
242,18,6431,ADG32 6431 GZOUGGAGHI SL,Pagada,ROCALLA SA,2025-12-10,556837,29,2025/00031,4622.20,65452.53
243,19,6431,ADG32 6431 GZOUGGAGHI SL,Pagada,ALUBIX SL,2025-12-17,560996,24,2025/00034,3598.54,69051.07
244,20,6431,ADG32 6431 GZOUGGAGHI SL,Pagada,ROCALLA SA,2025-12-17,560997,32,2025/00032,4277.35,73328.42
245,21,6431,ADG32 6431 GZOUGGAGHI SL,Pagada,ALUBIX SL,2025-12-29,561700,26,2025/00035,162.14,73490.56
246,22,6431,ADG32 6431 GZOUGGAGHI SL,Pagada,ROCALLA SA,2025-12-29,561702,33,2025/00036,179.08,73669.64
247,1,6467,ADG32 6467 WCHANTAH SL,Pagada,ALUBIX SL,2025-10-17,535293,2,2025/00003,1436.86,1436.86
248,2,6467,ADG32 6467 WCHANTAH SL,Pagada,ROCALLA SA,2025-10-17,535314,5,2025/00004,1608.09,3044.95
249,3,6467,ADG32 6467 WCHANTAH SL,Pagada,ALUBIX SL,2025-10-23,537791,5,2025/00004,3718.43,6763.38
250,4,6467,ADG32 6467 WCHANTAH SL,Pagada,ROCALLA SA,2025-10-23,537793,6,2025/00009,3981.51,10744.89
251,5,6467,ADG32 6467 WCHANTAH SL,Pagada,ALUBIX SL,2025-10-29,540145,10,2025/00005,4128.91,14873.80
252,6,6467,ADG32 6467 WCHANTAH SL,Pagada,ROCALLA SA,2025-10-29,540147,11,2025/00013,3860.51,18734.31
253,7,6467,ADG32 6467 WCHANTAH SL,Pagada,ALUBIX SL,2025-11-05,542353,11,2025/00008,3632.11,22366.42
254,8,6467,ADG32 6467 WCHANTAH SL,Pagada,ROCALLA SA,2025-11-05,542356,15,2025/00014,4164.82,26531.24
255,9,6467,ADG32 6467 WCHANTAH SL,Pagada,ALUBIX SL,2025-11-14,546162,14,2025/00009,3949.66,30480.90
256,10,6467,ADG32 6467 WCHANTAH SL,Pagada,ROCALLA SA,2025-11-14,546163,16,2025/00015,4140.62,34621.52
257,11,6467,ADG32 6467 WCHANTAH SL,Pagada,ALUBIX SL,2025-11-20,548783,18,2025/00013,4031.84,38653.36
258,12,6467,ADG32 6467 WCHANTAH SL,Pagada,ROCALLA SA,2025-11-20,548784,17,2025/00019,4464.30,43117.66
259,13,6467,ADG32 6467 WCHANTAH SL,Pagada,ALUBIX SL,2025-11-26,551291,19,2025/00017,3795.71,46913.37
260,14,6467,ADG32 6467 WCHANTAH SL,Pagada,ROCALLA SA,2025-11-26,551292,19,2025/00021,4034.75,50948.12
261,15,6467,ADG32 6467 WCHANTAH SL,Pagada,ALUBIX SL,2025-12-03,554389,22,2025/00020,3847.69,54795.81
262,16,6467,ADG32 6467 WCHANTAH SL,Pagada,ROCALLA SA,2025-12-03,554390,24,2025/00026,3924.64,58720.45
263,17,6467,ADG32 6467 WCHANTAH SL,Pagada,ALUBIX SL,2025-12-10,556950,26,2025/00021,4215.23,62935.68
264,18,6467,ADG32 6467 WCHANTAH SL,Pagada,ROCALLA SA,2025-12-10,556951,27,2025/00030,4035.35,66971.03
265,19,6467,ADG32 6467 WCHANTAH SL,Pagada,ALUBIX SL,2025-12-18,561168,30,2025/00024,4187.93,71158.96
266,20,6467,ADG32 6467 WCHANTAH SL,Pagada,ROCALLA SA,2025-12-18,561170,29,2025/00032,4133.36,75292.32
267,1,6478,ADG32 6478 CBAUZA SL,Pagada,ALUBIX SL,2025-10-17,535288,3,2025/00005,1218.47,1218.47
268,2,6478,ADG32 6478 CBAUZA SL,Pagada,ROCALLA SA,2025-10-17,535307,2,2025/00001,1057.54,2276.01
269,3,6478,ADG32 6478 CBAUZA SL,Pagada,ALUBIX SL,2025-10-23,537784,6,2025/00006,4187.81,6463.82
270,4,6478,ADG32 6478 CBAUZA SL,Pagada,ROCALLA SA,2025-10-23,537786,6,2025/00004,3552.56,10016.38
271,5,6478,ADG32 6478 CBAUZA SL,Pagada,ALUBIX SL,2025-10-29,540119,8,2025/00008,4545.97,14562.35
272,6,6478,ADG32 6478 CBAUZA SL,Pagada,ROCALLA SA,2025-10-29,540120,9,2025/00008,3753.42,18315.77
273,7,6478,ADG32 6478 CBAUZA SL,Pagada,ALUBIX SL,2025-11-05,542321,11,2025/00009,4195.07,22510.84
274,8,6478,ADG32 6478 CBAUZA SL,Pagada,ROCALLA SA,2025-11-05,542325,11,2025/00010,3349.28,25860.12
275,9,6478,ADG32 6478 CBAUZA SL,Pagada,ALUBIX SL,2025-11-12,544973,14,2025/00014,4435.86,30295.98
276,10,6478,ADG32 6478 CBAUZA SL,Pagada,ROCALLA SA,2025-11-12,544976,13,2025/00014,3528.36,33824.34
277,11,6478,ADG32 6478 CBAUZA SL,Pagada,ALUBIX SL,2025-11-20,548735,18,2025/00017,3759.47,37583.81
278,12,6478,ADG32 6478 CBAUZA SL,Pagada,ROCALLA SA,2025-11-20,548736,17,2025/00019,3281.52,40865.33
279,13,6478,ADG32 6478 CBAUZA SL,Pagada,ALUBIX SL,2025-11-26,551216,20,2025/00021,4481.84,45347.17
280,14,6478,ADG32 6478 CBAUZA SL,Pagada,ROCALLA SA,2025-11-26,551220,19,2025/00023,3782.46,49129.63
281,15,6478,ADG32 6478 CBAUZA SL,Pagada,ALUBIX SL,2025-12-03,554347,23,2025/00022,4146.67,53276.30
282,16,6478,ADG32 6478 CBAUZA SL,Pagada,ROCALLA SA,2025-12-03,554350,23,2025/00026,3533.20,56809.50
283,17,6478,ADG32 6478 CBAUZA SL,Pagada,ALUBIX SL,2025-12-10,556850,26,2025/00026,5097.73,61907.23
284,18,6478,ADG32 6478 CBAUZA SL,Pagada,ROCALLA SA,2025-12-10,556858,26,2025/00031,3617.90,65525.13
285,19,6478,ADG32 6478 CBAUZA SL,Pagada,ALUBIX SL,2025-12-18,561176,31,2025/00030,4143.04,69668.17
286,20,6478,ADG32 6478 CBAUZA SL,Pagada,ROCALLA SA,2025-12-18,561177,31,2025/00033,3675.98,73344.15
287,1,6702,ADG32 6702 NFORNES SL,Pagada,ALUBIX SL,2025-10-17,535287,3,2025/00004,1280.18,1280.18
288,2,6702,ADG32 6702 NFORNES SL,Pagada,ROCALLA SA,2025-10-17,535310,2,2025/00004,878.46,2158.64
289,3,6702,ADG32 6702 NFORNES SL,Pagada,ALUBIX SL,2025-10-22,537161,8,2025/00008,4735.94,6894.58
290,4,6702,ADG32 6702 NFORNES SL,Pagada,ROCALLA SA,2025-10-22,537418,7,2025/00008,3204.08,10098.66
291,5,6702,ADG32 6702 NFORNES SL,Pagada,ALUBIX SL,2025-10-29,540080,9,2025/00009,4460.06,14558.72
292,6,6702,ADG32 6702 NFORNES SL,Pagada,ROCALLA SA,2025-10-29,540090,10,2025/00009,3300.88,17859.60
293,7,6702,ADG32 6702 NFORNES SL,Pagada,ALUBIX SL,2025-11-05,542316,10,2025/00013,4256.78,22116.38
294,8,6702,ADG32 6702 NFORNES SL,Pagada,ROCALLA SA,2025-11-05,542328,13,2025/00014,3015.32,25131.70
295,9,6702,ADG32 6702 NFORNES SL,Pagada,ALUBIX SL,2025-11-12,545004,12,2025/00016,4455.22,29586.92
296,10,6702,ADG32 6702 NFORNES SL,Pagada,ROCALLA SA,2025-11-12,545005,16,2025/00015,3317.82,32904.74
297,11,6702,ADG32 6702 NFORNES SL,Pagada,ALUBIX SL,2025-11-19,547939,14,2025/00020,4789.18,37693.92
298,12,6702,ADG32 6702 NFORNES SL,Pagada,ROCALLA SA,2025-11-19,547941,18,2025/00019,3373.48,41067.40
299,13,6702,ADG32 6702 NFORNES SL,Pagada,ALUBIX SL,2025-11-26,551277,15,2025/00021,4675.44,45742.84
300,14,6702,ADG32 6702 NFORNES SL,Pagada,ROCALLA SA,2025-11-26,551281,21,2025/00024,3150.84,48893.68
301,15,6702,ADG32 6702 NFORNES SL,Pagada,ROCALLA SA,2025-12-03,554367,23,2025/00026,3358.96,52252.64
302,16,6702,ADG32 6702 NFORNES SL,Pagada,ALUBIX SL,2025-12-03,554370,20,2025/00022,4614.94,56867.58
303,17,6702,ADG32 6702 NFORNES SL,Pagada,ALUBIX SL,2025-12-10,556810,21,2025/00023,5094.10,61961.68
304,18,6702,ADG32 6702 NFORNES SL,Pagada,ROCALLA SA,2025-12-10,556819,26,2025/00028,3228.28,65189.96
305,19,6702,ADG32 6702 NFORNES SL,Pagada,ALUBIX SL,2025-12-18,561110,22,2025/00027,4692.38,69882.34
306,20,6702,ADG32 6702 NFORNES SL,Pagada,ROCALLA SA,2025-12-18,561111,31,2025/00033,3267.00,73149.34
307,21,6702,ADG32 6702 NFORNES SL,Pagada,ALUBIX SL,2025-12-29,561709,25,2025/00028,171.82,73321.16
308,22,6702,ADG32 6702 NFORNES SL,Pagada,ROCALLA SA,2025-12-29,561710,35,2025/00036,162.14,73483.30
309,1,6706,ADG32 6706 NSUIYHI SL,Pagada,ALUBIX SL,2025-10-17,535283,3,2025/00003,849.42,849.42
310,2,6706,ADG32 6706 NSUIYHI SL,Pagada,ROCALLA SA,2025-10-17,535302,2,2025/00002,1582.68,2432.10
311,3,6706,ADG32 6706 NSUIYHI SL,Pagada,ALUBIX SL,2025-10-22,537118,8,2025/00006,3869.58,6301.68
312,4,6706,ADG32 6706 NSUIYHI SL,Pagada,ROCALLA SA,2025-10-22,537121,7,2025/00004,4464.90,10766.58
313,5,6706,ADG32 6706 NSUIYHI SL,Pagada,ALUBIX SL,2025-10-29,540081,10,2025/00009,3862.32,14628.90
314,6,6706,ADG32 6706 NSUIYHI SL,Pagada,ROCALLA SA,2025-10-29,540084,9,2025/00007,4123.68,18752.58
315,7,6706,ADG32 6706 NSUIYHI SL,Pagada,ALUBIX SL,2025-11-05,542292,14,2025/00014,4486.68,23239.26
316,8,6706,ADG32 6706 NSUIYHI SL,Pagada,ROCALLA SA,2025-11-05,542296,14,2025/00011,3477.54,26716.80
317,9,6706,ADG32 6706 NSUIYHI SL,Pagada,ROCALLA SA,2025-11-12,545010,18,2025/00012,4268.88,30985.68
318,10,6706,ADG32 6706 NSUIYHI SL,Pagada,ALUBIX SL,2025-11-12,545014,17,2025/00017,4094.64,35080.32
319,11,6706,ADG32 6706 NSUIYHI SL,Pagada,ALUBIX SL,2025-11-19,547890,21,2025/00020,4297.92,39378.24
320,12,6706,ADG32 6706 NSUIYHI SL,Pagada,ROCALLA SA,2025-11-19,547893,19,2025/00014,3659.04,43037.28
321,13,6706,ADG32 6706 NSUIYHI SL,Pagada,ALUBIX SL,2025-11-26,551235,25,2025/00023,4646.40,47683.68
322,14,6706,ADG32 6706 NSUIYHI SL,Pagada,ROCALLA SA,2025-11-26,551237,22,2025/00019,4414.08,52097.76
323,15,6706,ADG32 6706 NSUIYHI SL,Pagada,ALUBIX SL,2025-12-03,554393,30,2025/00026,3731.64,55829.40
324,16,6706,ADG32 6706 NSUIYHI SL,Pagada,ROCALLA SA,2025-12-03,554394,25,2025/00020,4443.12,60272.52
325,17,6706,ADG32 6706 NSUIYHI SL,Pagada,ALUBIX SL,2025-12-10,556824,33,2025/00029,3615.48,63888.00
326,18,6706,ADG32 6706 NSUIYHI SL,Pagada,ROCALLA SA,2025-12-10,556826,26,2025/00022,4014.78,67902.78
327,19,6706,ADG32 6706 NSUIYHI SL,Pagada,ALUBIX SL,2025-12-18,561004,35,2025/00036,3332.34,71235.12
328,20,6706,ADG32 6706 NSUIYHI SL,Pagada,ROCALLA SA,2025-12-18,561005,30,2025/00024,3346.86,74581.98
329,21,6706,ADG32 6706 NSUIYHI SL,Pagada,ALUBIX SL,2025-12-18,561044,39,2025/00034,72.60,74654.58
330,1,6707,ADG32 6707 MOUAZINE SL,Pagada,ALUBIX SL,2025-10-17,535286,1,2025/00003,1323.74,1323.74
331,2,6707,ADG32 6707 MOUAZINE SL,Pagada,ROCALLA SA,2025-10-17,535292,2,2025/00004,1408.44,2732.18
332,3,6707,ADG32 6707 MOUAZINE SL,Pagada,ALUBIX SL,2025-10-22,537117,3,2025/00007,4293.08,7025.26
333,4,6707,ADG32 6707 MOUAZINE SL,Pagada,ROCALLA SA,2025-10-22,537120,6,2025/00009,4421.34,11446.60
334,5,6707,ADG32 6707 MOUAZINE SL,Pagada,ALUBIX SL,2025-10-29,540095,6,2025/00012,4135.78,15582.38
335,6,6707,ADG32 6707 MOUAZINE SL,Pagada,ROCALLA SA,2025-10-29,540100,10,2025/00014,4145.46,19727.84
336,7,6707,ADG32 6707 MOUAZINE SL,Pagada,ALUBIX SL,2025-11-05,542288,10,2025/00017,3947.02,23674.86
337,8,6707,ADG32 6707 MOUAZINE SL,Pagada,ROCALLA SA,2025-11-05,542298,15,2025/00017,4094.64,27769.50
338,9,6707,ADG32 6707 MOUAZINE SL,Pagada,ALUBIX SL,2025-11-13,546110,13,2025/00020,3821.18,31590.68
339,10,6707,ADG32 6707 MOUAZINE SL,Pagada,ROCALLA SA,2025-11-13,546111,16,2025/00020,3930.08,35520.76
340,11,6707,ADG32 6707 MOUAZINE SL,Pagada,ROCALLA SA,2025-11-19,547926,19,2025/00022,3888.94,39409.70
341,12,6707,ADG32 6707 MOUAZINE SL,Pagada,ALUBIX SL,2025-11-19,547927,18,2025/00021,3821.18,43230.88
342,13,6707,ADG32 6707 MOUAZINE SL,Pagada,ALUBIX SL,2025-11-26,551207,21,2025/00025,4087.38,47318.26
343,14,6707,ADG32 6707 MOUAZINE SL,Pagada,ROCALLA SA,2025-11-26,551214,24,2025/00024,4038.98,51357.24
344,15,6707,ADG32 6707 MOUAZINE SL,Pagada,ROCALLA SA,2025-12-03,554319,28,2025/00028,4014.78,55372.02
345,16,6707,ADG32 6707 MOUAZINE SL,Pagada,ALUBIX SL,2025-12-03,554373,22,2025/00029,4026.88,59398.90
346,17,6707,ADG32 6707 MOUAZINE SL,Pagada,ALUBIX SL,2025-12-10,556885,25,2025/00031,4290.66,63689.56
347,18,6707,ADG32 6707 MOUAZINE SL,Pagada,ROCALLA SA,2025-12-10,556887,33,2025/00031,3961.54,67651.10
348,19,6707,ADG32 6707 MOUAZINE SL,Pagada,ALUBIX SL,2025-12-18,561003,29,2025/00033,4205.96,71857.06
349,20,6707,ADG32 6707 MOUAZINE SL,Pagada,ROCALLA SA,2025-12-18,561006,37,2025/00036,4433.44,76290.50
350,21,6707,ADG32 6707 MOUAZINE SL,Pagada,ALUBIX SL,2025-12-30,561716,33,2025/00038,162.14,76452.64
351,22,6707,ADG32 6707 MOUAZINE SL,Pagada,ROCALLA SA,2025-12-30,561717,38,2025/00039,157.30,76609.94
352,1,6713,ADG32 6713 BCARBONELL SL,Pagada,ALUBIX SL,2025-10-17,535284,1,2025/00002,1458.05,1458.05
353,2,6713,ADG32 6713 BCARBONELL SL,Pagada,ROCALLA SA,2025-10-17,535309,4,2025/00002,1007.33,2465.38
354,3,6713,ADG32 6713 BCARBONELL SL,Pagada,ALUBIX SL,2025-10-23,537817,3,2025/00003,4086.78,6552.16
355,4,6713,ADG32 6713 BCARBONELL SL,Pagada,ROCALLA SA,2025-10-23,537819,5,2025/00006,2654.74,9206.90
356,5,6713,ADG32 6713 BCARBONELL SL,Pagada,ALUBIX SL,2025-10-30,540729,4,2025/00005,5093.50,14300.40
357,6,6713,ADG32 6713 BCARBONELL SL,Pagada,ROCALLA SA,2025-10-30,540730,10,2025/00008,3086.11,17386.51
358,7,6713,ADG32 6713 BCARBONELL SL,Pagada,ALUBIX SL,2025-11-05,542370,6,2025/00008,5405.68,22792.19
359,8,6713,ADG32 6713 BCARBONELL SL,Pagada,ROCALLA SA,2025-11-05,542376,15,2025/00012,3374.69,26166.88
360,9,6713,ADG32 6713 BCARBONELL SL,Pagada,ALUBIX SL,2025-11-07,543417,8,2025/00010,66.55,26233.43
361,10,6713,ADG32 6713 BCARBONELL SL,Pagada,ALUBIX SL,2025-11-13,545521,13,2025/00014,5009.40,31242.83
362,11,6713,ADG32 6713 BCARBONELL SL,Pagada,ROCALLA SA,2025-11-13,545522,20,2025/00016,3203.48,34446.31
363,12,6713,ADG32 6713 BCARBONELL SL,Pagada,ALUBIX SL,2025-11-20,548616,17,2025/00018,4575.01,39021.32
364,13,6713,ADG32 6713 BCARBONELL SL,Pagada,ROCALLA SA,2025-11-20,548617,23,2025/00020,2944.54,41965.86
365,14,6713,ADG32 6713 BCARBONELL SL,Pagada,ALUBIX SL,2025-11-26,551299,21,2025/00022,4397.75,46363.61
366,15,6713,ADG32 6713 BCARBONELL SL,Pagada,ROCALLA SA,2025-11-26,551308,26,2025/00024,2845.32,49208.93
367,16,6713,ADG32 6713 BCARBONELL SL,Pagada,ALUBIX SL,2025-12-03,554369,23,2025/00026,5054.78,54263.71
368,17,6713,ADG32 6713 BCARBONELL SL,Pagada,ROCALLA SA,2025-12-03,554371,28,2025/00028,3290.60,57554.31
369,18,6713,ADG32 6713 BCARBONELL SL,Pagada,ALUBIX SL,2025-12-10,556838,25,2025/00027,4768.01,62322.32
370,19,6713,ADG32 6713 BCARBONELL SL,Pagada,ROCALLA SA,2025-12-10,556841,33,2025/00030,3154.47,65476.79
371,20,6713,ADG32 6713 BCARBONELL SL,Pagada,ALUBIX SL,2025-12-19,561417,29,2025/00032,4285.82,69762.61
372,21,6713,ADG32 6713 BCARBONELL SL,Pagada,ROCALLA SA,2025-12-19,561418,34,2025/00035,2674.10,72436.71
373,1,6734,ADG32 6734 LABOLAFIO SL,Pagada,ALUBIX SL,2025-10-17,535289,2,2025/00001,1638.34,1638.34
374,2,6734,ADG32 6734 LABOLAFIO SL,Pagada,ROCALLA SA,2025-10-17,535311,3,2025/00003,1089.00,2727.34
375,3,6734,ADG32 6734 LABOLAFIO SL,Pagada,ALUBIX SL,2025-10-23,537776,7,2025/00002,4704.48,7431.82
376,4,6734,ADG32 6734 LABOLAFIO SL,Pagada,ROCALLA SA,2025-10-23,537778,8,2025/00006,3315.40,10747.22
377,5,6734,ADG32 6734 LABOLAFIO SL,Pagada,ALUBIX SL,2025-10-29,540135,12,2025/00007,4481.84,15229.06
378,6,6734,ADG32 6734 LABOLAFIO SL,Pagada,ROCALLA SA,2025-10-29,540136,10,2025/00010,3000.80,18229.86
379,7,6734,ADG32 6734 LABOLAFIO SL,Pagada,ALUBIX SL,2025-11-05,542340,17,2025/00008,5164.28,23394.14
380,8,6734,ADG32 6734 LABOLAFIO SL,Pagada,ROCALLA SA,2025-11-05,542341,11,2025/00014,3521.10,26915.24
381,9,6734,ADG32 6734 LABOLAFIO SL,Pagada,ALUBIX SL,2025-11-12,545007,20,2025/00010,4694.80,31610.04
382,10,6734,ADG32 6734 LABOLAFIO SL,Pagada,ROCALLA SA,2025-11-12,545011,15,2025/00019,3273.05,34883.09
383,11,6734,ADG32 6734 LABOLAFIO SL,Pagada,ALUBIX SL,2025-11-20,548618,24,2025/00014,5103.78,39986.87
384,12,6734,ADG32 6734 LABOLAFIO SL,Pagada,ROCALLA SA,2025-11-20,548619,20,2025/00020,3067.35,43054.22
385,13,6734,ADG32 6734 LABOLAFIO SL,Pagada,ALUBIX SL,2025-11-26,551239,30,2025/00019,5055.38,48109.60
386,14,6734,ADG32 6734 LABOLAFIO SL,Pagada,ROCALLA SA,2025-11-26,551242,23,2025/00021,3763.10,51872.70
387,15,6734,ADG32 6734 LABOLAFIO SL,Pagada,ALUBIX SL,2025-11-26,551322,34,2025/00020,522.72,52395.42
388,16,6734,ADG32 6734 LABOLAFIO SL,Pagada,ALUBIX SL,2025-12-03,554320,36,2025/00024,4549.60,56945.02
389,17,6734,ADG32 6734 LABOLAFIO SL,Pagada,ROCALLA SA,2025-12-03,554322,24,2025/00022,3557.40,60502.42
390,18,6734,ADG32 6734 LABOLAFIO SL,Pagada,ALUBIX SL,2025-12-10,556830,41,2025/00025,5052.96,65555.38
391,19,6734,ADG32 6734 LABOLAFIO SL,Pagada,ROCALLA SA,2025-12-10,556836,25,2025/00026,3267.00,68822.38
392,20,6734,ADG32 6734 LABOLAFIO SL,Pagada,ALUBIX SL,2025-12-17,560857,43,2025/00026,4510.88,73333.26
393,21,6734,ADG32 6734 LABOLAFIO SL,Pagada,ROCALLA SA,2025-12-17,560858,27,2025/00031,3236.75,76570.01
394,22,6734,ADG32 6734 LABOLAFIO SL,Pagada,ALUBIX SL,2025-12-24,561678,44,2025/00028,171.82,76741.83
395,23,6734,ADG32 6734 LABOLAFIO SL,Pagada,ROCALLA SA,2025-12-24,561679,30,2025/00035,163.35,76905.18
396,1,6746,ADG32 6746 ELLADO SL,Pagada,ALUBIX SL,2025-10-17,535290,2,2025/00001,1074.48,1074.48
397,2,6746,ADG32 6746 ELLADO SL,Pagada,ROCALLA SA,2025-10-17,535301,3,2025/00002,1422.96,2497.44
398,3,6746,ADG32 6746 ELLADO SL,Pagada,ALUBIX SL,2025-10-22,537076,3,2025/00005,3765.52,6262.96
399,4,6746,ADG32 6746 ELLADO SL,Pagada,ROCALLA SA,2025-10-22,537079,8,2025/00004,4639.14,10902.10
400,5,6746,ADG32 6746 ELLADO SL,Pagada,ROCALLA SA,2025-10-29,540062,11,2025/00006,4711.74,15613.84
401,6,6746,ADG32 6746 ELLADO SL,Pagada,ALUBIX SL,2025-10-29,540063,6,2025/00008,3494.48,19108.32
402,7,6746,ADG32 6746 ELLADO SL,Pagada,ALUBIX SL,2025-11-05,542286,10,2025/00012,3627.58,22735.90
403,8,6746,ADG32 6746 ELLADO SL,Pagada,ROCALLA SA,2025-11-05,542289,15,2025/00010,4227.74,26963.64
404,9,6746,ADG32 6746 ELLADO SL,Pagada,ALUBIX SL,2025-11-12,544968,14,2025/00014,3588.86,30552.50
405,10,6746,ADG32 6746 ELLADO SL,Pagada,ROCALLA SA,2025-11-12,544970,17,2025/00013,4480.63,35033.13
406,11,6746,ADG32 6746 ELLADO SL,Pagada,ALUBIX SL,2025-11-19,547907,15,2025/00017,3119.38,38152.51
407,12,6746,ADG32 6746 ELLADO SL,Pagada,ROCALLA SA,2025-11-19,547908,22,2025/00018,4341.48,42493.99
408,13,6746,ADG32 6746 ELLADO SL,Pagada,ROCALLA SA,2025-11-26,551255,27,2025/00021,4254.36,46748.35
409,14,6746,ADG32 6746 ELLADO SL,Pagada,ALUBIX SL,2025-11-26,551258,18,2025/00023,3075.82,49824.17
410,15,6746,ADG32 6746 ELLADO SL,Pagada,ALUBIX SL,2025-11-26,551297,21,2025/00019,36.30,49860.47
411,16,6746,ADG32 6746 ELLADO SL,Pagada,ALUBIX SL,2025-12-03,554296,24,2025/00027,3569.50,53429.97
412,17,6746,ADG32 6746 ELLADO SL,Pagada,ROCALLA SA,2025-12-03,554298,30,2025/00024,4464.90,57894.87
413,18,6746,ADG32 6746 ELLADO SL,Pagada,ALUBIX SL,2025-12-10,556829,27,2025/00030,4157.56,62052.43
414,19,6746,ADG32 6746 ELLADO SL,Pagada,ROCALLA SA,2025-12-10,556832,34,2025/00028,4798.86,66851.29
415,20,6746,ADG32 6746 ELLADO SL,Pagada,ROCALLA SA,2025-12-17,560800,36,2025/00032,5154.60,72005.89
416,21,6746,ADG32 6746 ELLADO SL,Pagada,ALUBIX SL,2025-12-17,560801,28,2025/00034,3617.90,75623.79
417,1,6777,ADG32 6777 JGARCIA SL,Pagada,ALUBIX SL,2025-10-17,535277,5,2025/00005,1476.20,1476.20
418,2,6777,ADG32 6777 JGARCIA SL,Pagada,ROCALLA SA,2025-10-17,535305,3,2025/00003,1577.84,3054.04
419,3,6777,ADG32 6777 JGARCIA SL,Pagada,ALUBIX SL,2025-10-22,537194,9,2025/00009,4036.56,7090.60
420,4,6777,ADG32 6777 JGARCIA SL,Pagada,ROCALLA SA,2025-10-22,537198,8,2025/00005,3869.58,10960.18
421,5,6777,ADG32 6777 JGARCIA SL,Pagada,ALUBIX SL,2025-10-29,540075,13,2025/00012,3976.06,14936.24
422,6,6777,ADG32 6777 JGARCIA SL,Pagada,ROCALLA SA,2025-10-29,540085,10,2025/00007,4385.04,19321.28
423,7,6777,ADG32 6777 JGARCIA SL,Pagada,ALUBIX SL,2025-11-05,542309,15,2025/00015,3492.06,22813.34
424,8,6777,ADG32 6777 JGARCIA SL,Pagada,ROCALLA SA,2025-11-05,542314,14,2025/00008,4031.72,26845.06
425,9,6777,ADG32 6777 JGARCIA SL,Pagada,ALUBIX SL,2025-11-12,544969,20,2025/00017,4097.06,30942.12
426,10,6777,ADG32 6777 JGARCIA SL,Pagada,ROCALLA SA,2025-11-12,544971,16,2025/00012,3901.04,34843.16
427,11,6777,ADG32 6777 JGARCIA SL,Pagada,ALUBIX SL,2025-11-19,547910,24,2025/00019,4266.46,39109.62
428,12,6777,ADG32 6777 JGARCIA SL,Pagada,ROCALLA SA,2025-11-19,547913,19,2025/00015,4259.20,43368.82
429,13,6777,ADG32 6777 JGARCIA SL,Pagada,ALUBIX SL,2025-11-26,551269,26,2025/00021,3939.76,47308.58
430,14,6777,ADG32 6777 JGARCIA SL,Pagada,ROCALLA SA,2025-11-26,551274,23,2025/00016,4293.08,51601.66
431,15,6777,ADG32 6777 JGARCIA SL,Pagada,ALUBIX SL,2025-12-03,554279,30,2025/00024,3782.46,55384.12
432,16,6777,ADG32 6777 JGARCIA SL,Pagada,ROCALLA SA,2025-12-03,554284,24,2025/00017,3639.68,59023.80
433,17,6777,ADG32 6777 JGARCIA SL,Pagada,ALUBIX SL,2025-12-10,556840,35,2025/00027,3927.66,62951.46
434,18,6777,ADG32 6777 JGARCIA SL,Pagada,ROCALLA SA,2025-12-10,556842,26,2025/00019,3736.48,66687.94
435,19,6777,ADG32 6777 JGARCIA SL,Pagada,ALUBIX SL,2025-12-18,561008,37,2025/00029,2991.12,69679.06
436,20,6777,ADG32 6777 JGARCIA SL,Pagada,ROCALLA SA,2025-12-18,561010,30,2025/00023,4256.78,73935.84
437,21,6777,ADG32 6777 JGARCIA SL,Pagada,ALUBIX SL,2025-12-19,561428,41,2025/00033,992.20,74928.04
438,22,6777,ADG32 6777 JGARCIA SL,Pagada,ROCALLA SA,2025-12-19,561429,32,2025/00024,1602.04,76530.08
439,23,6777,ADG32 6777 JGARCIA SL,Pagada,ALUBIX SL,2025-12-29,561698,45,2025/00038,159.72,76689.80
440,24,6777,ADG32 6777 JGARCIA SL,Pagada,ROCALLA SA,2025-12-29,561699,35,2025/00026,159.72,76849.52
441,1,6792,ADG32 6792 PCAPO SL,Pagada,ALUBIX SL,2025-11-03,541842,16,2025/00019,1976.54,1976.54
442,2,6792,ADG32 6792 PCAPO SL,Pagada,ROCALLA SA,2025-11-03,541843,15,2025/00017,619.52,2596.06
443,3,6792,ADG32 6792 PCAPO SL,Pagada,ALUBIX SL,2025-11-03,541844,17,2025/00021,2187.08,4783.14
444,4,6792,ADG32 6792 PCAPO SL,Pagada,ROCALLA SA,2025-11-03,541845,20,2025/00021,748.99,5532.13
445,5,6792,ADG32 6792 PCAPO SL,Pagada,ROCALLA SA,2025-11-04,541850,23,2025/00026,1.21,5533.34
446,6,6792,ADG32 6792 PCAPO SL,Pagada,ALUBIX SL,2025-11-04,541851,21,2025/00023,1684.32,7217.66
447,7,6792,ADG32 6792 PCAPO SL,Pagada,ROCALLA SA,2025-11-04,541852,27,2025/00030,537.85,7755.51
448,8,6792,ADG32 6792 PCAPO SL,Pagada,ALUBIX SL,2025-11-05,542297,23,2025/00032,2125.37,9880.88
449,9,6792,ADG32 6792 PCAPO SL,Pagada,ROCALLA SA,2025-11-05,542300,30,2025/00037,687.89,10568.77
450,10,6792,ADG32 6792 PCAPO SL,Pagada,ALUBIX SL,2025-11-05,542352,27,2025/00027,1615.35,12184.12
451,11,6792,ADG32 6792 PCAPO SL,Pagada,ROCALLA SA,2025-11-05,542355,32,2025/00032,529.38,12713.50
452,12,6792,ADG32 6792 PCAPO SL,Pagada,ALUBIX SL,2025-11-05,542384,31,2025/00035,1795.04,14508.54
453,13,6792,ADG32 6792 PCAPO SL,Pagada,ROCALLA SA,2025-11-05,542387,34,2025/00042,619.52,15128.06
454,14,6792,ADG32 6792 PCAPO SL,Pagada,ALUBIX SL,2025-11-13,546114,35,2025/00037,5778.96,20907.02
455,15,6792,ADG32 6792 PCAPO SL,Pagada,ROCALLA SA,2025-11-13,546115,38,2025/00046,1923.30,22830.32
456,16,6792,ADG32 6792 PCAPO SL,Pagada,ALUBIX SL,2025-11-20,549163,36,2025/00040,6122.00,28952.32
457,17,6792,ADG32 6792 PCAPO SL,Pagada,ROCALLA SA,2025-11-20,549166,41,2025/00050,2068.50,31020.82
458,18,6792,ADG32 6792 PCAPO SL,Pagada,ALUBIX SL,2025-11-28,552657,38,2025/00043,5646.47,36667.29
459,19,6792,ADG32 6792 PCAPO SL,Pagada,ROCALLA SA,2025-11-28,552659,43,2025/00051,1968.67,38635.96
460,20,6792,ADG32 6792 PCAPO SL,Pagada,ALUBIX SL,2025-12-03,554387,42,2025/00046,5916.90,44552.86
461,21,6792,ADG32 6792 PCAPO SL,Pagada,ROCALLA SA,2025-12-03,554391,47,2025/00052,2058.82,46611.68
462,22,6792,ADG32 6792 PCAPO SL,Pagada,ALUBIX SL,2025-12-11,557677,47,2025/00051,6221.82,52833.50
463,23,6792,ADG32 6792 PCAPO SL,Pagada,ROCALLA SA,2025-12-11,557680,48,2025/00054,2002.55,54836.05
464,24,6792,ADG32 6792 PCAPO SL,Pagada,ALUBIX SL,2025-12-19,561422,48,2025/00055,5820.71,60656.76
465,25,6792,ADG32 6792 PCAPO SL,Pagada,ROCALLA SA,2025-12-19,561423,52,2025/00056,2044.90,62701.66
466,1,6844,ADG32 6844 TTRAMULLAS SL,Pagada,ALUBIX SL,2025-10-17,535279,1,2025/00001,1488.30,1488.30
467,2,6844,ADG32 6844 TTRAMULLAS SL,Pagada,ROCALLA SA,2025-10-17,535297,4,2025/00002,1205.16,2693.46
468,3,6844,ADG32 6844 TTRAMULLAS SL,Pagada,ALUBIX SL,2025-10-22,537107,2,2025/00005,6824.40,9517.86
469,4,6844,ADG32 6844 TTRAMULLAS SL,Pagada,ROCALLA SA,2025-10-22,537110,8,2025/00003,3550.14,13068.00
470,5,6844,ADG32 6844 TTRAMULLAS SL,Pagada,ALUBIX SL,2025-10-29,540068,5,2025/00007,2432.10,15500.10
471,6,6844,ADG32 6844 TTRAMULLAS SL,Pagada,ROCALLA SA,2025-10-29,540071,10,2025/00006,3315.40,18815.50
472,7,6844,ADG32 6844 TTRAMULLAS SL,Pagada,ALUBIX SL,2025-11-05,542294,10,2025/00011,4731.10,23546.60
473,8,6844,ADG32 6844 TTRAMULLAS SL,Pagada,ROCALLA SA,2025-11-05,542295,11,2025/00009,3396.47,26943.07
474,9,6844,ADG32 6844 TTRAMULLAS SL,Pagada,ALUBIX SL,2025-11-12,545009,14,2025/00012,4634.30,31577.37
475,10,6844,ADG32 6844 TTRAMULLAS SL,Pagada,ROCALLA SA,2025-11-12,545013,12,2025/00013,3512.63,35090.00
476,11,6844,ADG32 6844 TTRAMULLAS SL,Pagada,ALUBIX SL,2025-11-19,547930,15,2025/00014,4900.50,39990.50
477,12,6844,ADG32 6844 TTRAMULLAS SL,Pagada,ROCALLA SA,2025-11-19,547932,16,2025/00015,4014.78,44005.28
478,13,6844,ADG32 6844 TTRAMULLAS SL,Pagada,ALUBIX SL,2025-11-26,551230,20,2025/00017,3847.80,47853.08
479,14,6844,ADG32 6844 TTRAMULLAS SL,Pagada,ROCALLA SA,2025-11-26,551233,17,2025/00019,2965.71,50818.79
480,15,6844,ADG32 6844 TTRAMULLAS SL,Pagada,ALUBIX SL,2025-12-05,555605,21,2025/00021,5336.10,56154.89
481,16,6844,ADG32 6844 TTRAMULLAS SL,Pagada,ROCALLA SA,2025-12-05,555606,18,2025/00020,3587.65,59742.54
482,17,6844,ADG32 6844 TTRAMULLAS SL,Pagada,ALUBIX SL,2025-12-10,556831,25,2025/00025,4876.30,64618.84
483,18,6844,ADG32 6844 TTRAMULLAS SL,Pagada,ROCALLA SA,2025-12-10,556833,21,2025/00022,3421.88,68040.72
484,19,6844,ADG32 6844 TTRAMULLAS SL,Pagada,ALUBIX SL,2025-12-19,561458,26,2025/00028,5832.20,73872.92
485,20,6844,ADG32 6844 TTRAMULLAS SL,Pagada,ROCALLA SA,2025-12-19,561461,25,2025/00025,2971.76,76844.68
