A_IDTOTS_CF,A_CLAU_UNICA_CF,A_ID_CF,A_EXPEDIENT_CF,A_EMPRESA_CF,A_REF_ODOO_CF,A_PROVEEDOR_CF,A_NUMERO_CF,A_FECHA_EMISION_CF,A_ORIGEN_CF,A_IMPORTE_CF,A_ACUMULADO_CF,A_ESTADO_PAGO_CF
1,5796-C-C/00001,1,5796,ADG32 5796 NSACARES SL,FC/2025/0001,ROCALLA SA,2025/00002,2025-10-17,C-C/00001,1314.06,1314.06,Publicado
2,5796-C-C/00002,2,5796,ADG32 5796 NSACARES SL,FC/2025/0002,ALUBIX SL,2025/00001,2025-10-17,C-C/00002,1130.14,2444.2,Pagada
3,5796-C-C/00003,3,5796,ADG32 5796 NSACARES SL,FC/2025/0004,ALUBIX SL,2025/00005,2025-10-22,C-C/00003,3714.70,6158.9,Publicado
4,5796-C-C/00004,4,5796,ADG32 5796 NSACARES SL,FC/2025/0003,ROCALLA SA,2025/00005,2025-10-22,C-C/00004,4319.70,10478.6,Publicado
5,5796-C-C/00005,5,5796,ADG32 5796 NSACARES SL,FC/2025/0006,ALUBIX SL,2025/00006,2025-10-29,C-C/00005,3780.04,14258.64,Pagada
6,5796-C-C/00006,6,5796,ADG32 5796 NSACARES SL,FC/2025/0005,ROCALLA SA,2025/00010,2025-10-29,C-C/00006,4126.10,18384.74,Pagada
7,5796-C-C/00007,7,5796,ADG32 5796 NSACARES SL,FC/2025/0007,ALUBIX SL,2025/00008,2025-11-05,C-C/00007,3523.52,21908.26,Pagada
8,5796-C-C/00008,8,5796,ADG32 5796 NSACARES SL,FC/2025/0008,ROCALLA SA,2025/00013,2025-11-05,C-C/00008,4467.32,26375.58,Pagada
9,5796-C-C/00009,9,5796,ADG32 5796 NSACARES SL,FC/2025/0010,ROCALLA SA,2025/00017,2025-11-12,C-C/00009,4481.84,30857.42,Pagada
10,5796-C-C/00010,10,5796,ADG32 5796 NSACARES SL,FC/2025/0009,ALUBIX SL,2025/00013,2025-11-12,C-C/00010,4038.98,34896.4,Pagada
11,5796-C-C/00011,11,5796,ADG32 5796 NSACARES SL,FC/2025/0027,ROCALLA SA,2025/00018,2025-11-19,C-C/00011,3574.34,38470.74,Pagada
12,5796-C-C/00012,12,5796,ADG32 5796 NSACARES SL,FC/2025/0028,ALUBIX SL,2025/00017,2025-11-19,C-C/00012,3518.68,41989.42,Pagada
13,5796-C-C/00013,13,5796,ADG32 5796 NSACARES SL,FC/2025/0033,ROCALLA SA,2025/00022,2025-11-26,C-C/00013,3947.02,45936.44,Publicado
14,5796-C-C/00014,14,5796,ADG32 5796 NSACARES SL,FC/2025/0032,ALUBIX SL,2025/00021,2025-11-26,C-C/00014,3695.34,49631.78,Publicado
15,5796-C-C/00015,15,5796,ADG32 5796 NSACARES SL,FC/2025/0034,ROCALLA SA,2025/00027,2025-12-03,C-C/00015,4157.56,53789.34,Publicado
16,5796-C-C/00016,16,5796,ADG32 5796 NSACARES SL,FC/2025/0035,ALUBIX SL,2025/00024,2025-12-03,C-C/00016,3605.80,57395.14,Publicado
17,5796-C-C/00017,17,5796,ADG32 5796 NSACARES SL,FC/2025/0042,ALUBIX SL,2025/00028,2025-12-10,C-C/00017,3780.04,61175.18,Cancelado
18,5796-C-C/00018,18,5796,ADG32 5796 NSACARES SL,FC/2025/0043,ROCALLA SA,2025/00032,2025-12-10,C-C/00018,4414.08,65589.26,Publicado
19,5796-C-C/00019,19,5796,ADG32 5796 NSACARES SL,FC/2025/0044,ALUBIX SL,2025/00028,2025-12-10,C-C/00019,3780.04,69369.3,Publicado
20,5796-C-C/00020,20,5796,ADG32 5796 NSACARES SL,FC/2025/0045,ALUBIX SL,2025/00032,2025-12-17,C-C/00020,3927.66,73296.96,Publicado
21,5796-C-C/00021,21,5796,ADG32 5796 NSACARES SL,FC/2025/0046,ROCALLA SA,2025/00037,2025-12-17,C-C/00021,4307.60,77604.56,Publicado
22,6265-C-C/00001,1,6265,ADG32 6265 SMORENO SL,FC/2025/0002,ALUBIX SL,2025/00003,2025-10-17,C-C/00001,1274.13,1274.13,Pagada
23,6265-C-C/00002,2,6265,ADG32 6265 SMORENO SL,FC/2025/0001,ROCALLA SA,2025/00004,2025-10-17,C-C/00002,1231.78,2505.91,Pagada
24,6265-C-C/00003,3,6265,ADG32 6265 SMORENO SL,FC/2025/0003,ALUBIX SL,2025/00008,2025-10-22,C-C/00003,3816.34,6322.25,Pagada
25,6265-C-C/00004,4,6265,ADG32 6265 SMORENO SL,FC/2025/0004,ROCALLA SA,2025/00005,2025-10-22,C-C/00004,4205.96,10528.21,Pagada
26,6265-C-C/00005,5,6265,ADG32 6265 SMORENO SL,FC/2025/0006,ALUBIX SL,2025/00009,2025-10-29,C-C/00005,3764.31,14292.52,Pagada
27,6265-C-C/00006,6,6265,ADG32 6265 SMORENO SL,FC/2025/0005,ROCALLA SA,2025/00009,2025-10-29,C-C/00006,3963.96,18256.48,Pagada
28,6265-C-C/00007,7,6265,ADG32 6265 SMORENO SL,FC/2025/0007,ALUBIX SL,2025/00014,2025-11-05,C-C/00007,4164.82,22421.3,Pagada
29,6265-C-C/00008,8,6265,ADG32 6265 SMORENO SL,FC/2025/0008,ROCALLA SA,2025/00010,2025-11-05,C-C/00008,4641.56,27062.86,Pagada
30,6265-C-C/00009,9,6265,ADG32 6265 SMORENO SL,FC/2025/0009,ALUBIX SL,2025/00015,2025-11-12,C-C/00009,3760.68,30823.54,Pagada
31,6265-C-C/00010,10,6265,ADG32 6265 SMORENO SL,FC/2025/0010,ROCALLA SA,2025/00013,2025-11-12,C-C/00010,3886.52,34710.06,Pagada
32,6265-C-C/00011,11,6265,ADG32 6265 SMORENO SL,FC/2025/0027,ALUBIX SL,2025/00018,2025-11-19,C-C/00011,4780.71,39490.77,Pagada
33,6265-C-C/00012,12,6265,ADG32 6265 SMORENO SL,FC/2025/0028,ROCALLA SA,2025/00017,2025-11-19,C-C/00012,3644.52,43135.29,Pagada
34,6265-C-C/00013,13,6265,ADG32 6265 SMORENO SL,FC/2025/0032,ROCALLA SA,2025/00022,2025-11-26,C-C/00013,3455.76,46591.05,Publicado
35,6265-C-C/00014,14,6265,ADG32 6265 SMORENO SL,FC/2025/0033,ALUBIX SL,2025/00020,2025-11-26,C-C/00014,5021.50,51612.55,Publicado
36,6265-C-C/00015,15,6265,ADG32 6265 SMORENO SL,FC/2025/0035,ALUBIX SL,2025/00022,2025-12-03,C-C/00015,5042.07,56654.62,Publicado
37,6265-C-C/00016,16,6265,ADG32 6265 SMORENO SL,FC/2025/0036,ROCALLA SA,2025/00024,2025-12-03,C-C/00016,3463.02,60117.64,Publicado
38,6265-C-C/00017,17,6265,ADG32 6265 SMORENO SL,FC/2025/0040,ALUBIX SL,2025/00023,2025-12-10,C-C/00017,3903.46,64021.1,Publicado
39,6265-C-C/00018,18,6265,ADG32 6265 SMORENO SL,FC/2025/0041,ROCALLA SA,2025/00028,2025-12-10,C-C/00018,3840.54,67861.64,Publicado
40,6265-C-C/00019,19,6265,ADG32 6265 SMORENO SL,FC/2025/0043,ALUBIX SL,2025/00028,2025-12-18,C-C/00019,3898.62,71760.26,Publicado
41,6265-C-C/00020,20,6265,ADG32 6265 SMORENO SL,FC/2025/0042,ROCALLA SA,2025/00033,2025-12-18,C-C/00020,3153.26,74913.52,Publicado
42,6320-C-C/00001,1,6320,ADG32 6320 MNAVARRO SL,FC/2025/0002,ALUBIX SL,2025/00003,2025-10-20,C-C/00001,1193.06,1193.06,Pagada
43,6320-C-C/00002,2,6320,ADG32 6320 MNAVARRO SL,FC/2025/0001,ROCALLA SA,2025/00001,2025-10-20,C-C/00002,1173.70,2366.76,Pagada
44,6320-C-C/00003,3,6320,ADG32 6320 MNAVARRO SL,FC/2025/0003,ALUBIX SL,2025/00005,2025-10-22,C-C/00003,3494.48,5861.24,Pagada
45,6320-C-C/00004,4,6320,ADG32 6320 MNAVARRO SL,FC/2025/0004,ROCALLA SA,2025/00003,2025-10-22,C-C/00004,3506.58,9367.82,Pagada
46,6320-C-C/00005,5,6320,ADG32 6320 MNAVARRO SL,FC/2025/0005,ALUBIX SL,2025/00009,2025-10-29,C-C/00005,4418.92,13786.74,Pagada
47,6320-C-C/00006,6,6320,ADG32 6320 MNAVARRO SL,FC/2025/0006,ROCALLA SA,2025/00004,2025-10-29,C-C/00006,4498.78,18285.52,Pagada
48,6320-C-C/00007,7,6320,ADG32 6320 MNAVARRO SL,FC/2025/0007,ALUBIX SL,2025/00013,2025-11-05,C-C/00007,3988.16,22273.68,Pagada
49,6320-C-C/00008,8,6320,ADG32 6320 MNAVARRO SL,FC/2025/0008,ROCALLA SA,2025/00007,2025-11-05,C-C/00008,3954.28,26227.96,Pagada
50,6320-C-C/00009,9,6320,ADG32 6320 MNAVARRO SL,FC/2025/0009,ROCALLA SA,2025/00009,2025-11-12,C-C/00009,3809.08,30037.04,Pagada
51,6320-C-C/00010,10,6320,ADG32 6320 MNAVARRO SL,FC/2025/0010,ALUBIX SL,2025/00016,2025-11-12,C-C/00010,3988.16,34025.2,Pagada
52,6320-C-C/00011,11,6320,ADG32 6320 MNAVARRO SL,FC/2025/0027,ALUBIX SL,2025/00017,2025-11-20,C-C/00011,4539.92,38565.12,Pagada
53,6320-C-C/00012,12,6320,ADG32 6320 MNAVARRO SL,FC/2025/0028,ROCALLA SA,2025/00012,2025-11-20,C-C/00012,4014.78,42579.9,Pagada
54,6320-C-C/00013,13,6320,ADG32 6320 MNAVARRO SL,FC/2025/0032,ALUBIX SL,2025/00021,2025-11-26,C-C/00013,4653.66,47233.56,Publicado
55,6320-C-C/00014,14,6320,ADG32 6320 MNAVARRO SL,FC/2025/0033,ROCALLA SA,2025/00015,2025-11-26,C-C/00014,4602.84,51836.4,Publicado
56,6320-C-C/00015,15,6320,ADG32 6320 MNAVARRO SL,FC/2025/0038,ALUBIX SL,2025/00023,2025-12-03,C-C/00015,4087.38,55923.78,Publicado
57,6320-C-C/00016,16,6320,ADG32 6320 MNAVARRO SL,FC/2025/0039,ROCALLA SA,2025/00016,2025-12-03,C-C/00016,4232.58,60156.36,Publicado
58,6320-C-C/00017,17,6320,ADG32 6320 MNAVARRO SL,FC/2025/0040,ALUBIX SL,2025/00024,2025-12-10,C-C/00017,4334.22,64490.58,Publicado
59,6320-C-C/00018,18,6320,ADG32 6320 MNAVARRO SL,FC/2025/0041,ROCALLA SA,2025/00017,2025-12-10,C-C/00018,4365.68,68856.26,Publicado
60,6320-C-C/00019,19,6320,ADG32 6320 MNAVARRO SL,FC/2025/0042,ALUBIX SL,2025/00027,2025-12-18,C-C/00019,4082.54,72938.8,Publicado
61,6320-C-C/00020,20,6320,ADG32 6320 MNAVARRO SL,FC/2025/0043,ROCALLA SA,2025/00020,2025-12-18,C-C/00020,3714.70,76653.5,Publicado
62,6352-C-C/00001,1,6352,ADG32 6352 SAANANOU SL,FC/2025/0001,ROCALLA SA,2025/00001,2025-10-17,C-C/00001,1056.33,1056.33,Pagada
63,6352-C-C/00002,2,6352,ADG32 6352 SAANANOU SL,FC/2025/0002,ALUBIX SL,2025/00003,2025-10-17,C-C/00002,1266.87,2323.2,Pagada
64,6352-C-C/00003,3,6352,ADG32 6352 SAANANOU SL,FC/2025/0003,ALUBIX SL,2025/00008,2025-10-22,C-C/00003,4020.23,6343.43,Pagada
65,6352-C-C/00004,4,6352,ADG32 6352 SAANANOU SL,FC/2025/0004,ROCALLA SA,2025/00005,2025-10-22,C-C/00004,3661.46,10004.89,Pagada
66,6352-C-C/00005,5,6352,ADG32 6352 SAANANOU SL,FC/2025/0005,ALUBIX SL,2025/00010,2025-10-29,C-C/00005,4325.15,14330.04,Pagada
67,6352-C-C/00006,6,6352,ADG32 6352 SAANANOU SL,FC/2025/0006,ROCALLA SA,2025/00007,2025-10-29,C-C/00006,3539.25,17869.29,Pagada
68,6352-C-C/00007,7,6352,ADG32 6352 SAANANOU SL,FC/2025/0007,ALUBIX SL,2025/00012,2025-11-05,C-C/00007,4266.46,22135.75,Pagada
69,6352-C-C/00008,8,6352,ADG32 6352 SAANANOU SL,FC/2025/0008,ROCALLA SA,2025/00009,2025-11-05,C-C/00008,3643.31,25779.06,Pagada
70,6352-C-C/00009,9,6352,ADG32 6352 SAANANOU SL,FC/2025/0009,ALUBIX SL,2025/00015,2025-11-12,C-C/00009,4049.27,29828.33,Pagada
71,6352-C-C/00010,10,6352,ADG32 6352 SAANANOU SL,FC/2025/0010,ROCALLA SA,2025/00013,2025-11-12,C-C/00010,3403.73,33232.06,Pagada
72,6352-C-C/00011,11,6352,ADG32 6352 SAANANOU SL,FC/2025/0027,ALUBIX SL,2025/00017,2025-11-19,C-C/00011,3916.77,37148.83,Pagada
73,6352-C-C/00012,12,6352,ADG32 6352 SAANANOU SL,FC/2025/0028,ROCALLA SA,2025/00017,2025-11-19,C-C/00012,3781.25,40930.08,Pagada
74,6352-C-C/00013,13,6352,ADG32 6352 SAANANOU SL,FC/2025/0033,ALUBIX SL,2025/00019,2025-11-26,C-C/00013,4823.06,45753.14,Publicado
75,6352-C-C/00014,14,6352,ADG32 6352 SAANANOU SL,FC/2025/0032,ROCALLA SA,2025/00019,2025-11-26,C-C/00014,4241.05,49994.19,Publicado
76,6352-C-C/00015,15,6352,ADG32 6352 SAANANOU SL,FC/2025/0037,ALUBIX SL,2025/00024,2025-12-03,C-C/00015,4040.80,54034.99,Publicado
77,6352-C-C/00016,16,6352,ADG32 6352 SAANANOU SL,FC/2025/0038,ROCALLA SA,2025/00024,2025-12-03,C-C/00016,3861.11,57896.1,Publicado
78,6352-C-C/00017,17,6352,ADG32 6352 SAANANOU SL,FC/2025/0039,ALUBIX SL,2025/00028,2025-12-10,C-C/00017,4420.74,62316.84,Publicado
79,6352-C-C/00018,18,6352,ADG32 6352 SAANANOU SL,FC/2025/0040,ROCALLA SA,2025/00027,2025-12-10,C-C/00018,3950.65,66267.49,Publicado
80,6352-C-C/00019,19,6352,ADG32 6352 SAANANOU SL,FC/2025/0045,ALUBIX SL,2025/00029,2025-12-17,C-C/00019,3872.00,70139.49,Publicado
81,6352-C-C/00021,20,6352,ADG32 6352 SAANANOU SL,FC/2025/0044,ROCALLA SA,2025/00031,2025-12-17,C-C/00021,3191.98,73331.47,Publicado
82,6356-,1,6356,ADG32 6356 WAANANOU SL,FC/2025/0046,ALUBIX SL,2025/00039,2025-12-17,,4997.30,4997.3,Publicado
83,6356-,2,6356,ADG32 6356 WAANANOU SL,FC/2025/0045,ROCALLA SA,2025/00040,2025-12-17,,3662.67,8659.97,Publicado
84,6356-,3,6356,ADG32 6356 WAANANOU SL,FC/2025/0044,ROCALLA SA,2025/00037,2025-12-10,,3623.95,12283.92,Publicado
85,6356-,4,6356,ADG32 6356 WAANANOU SL,FC/2025/0043,ALUBIX SL,2025/00034,2025-12-10,,4314.86,16598.78,Publicado
86,6356-,5,6356,ADG32 6356 WAANANOU SL,FC/2025/0039,ALUBIX SL,2025/00029,2025-12-03,,4767.40,21366.18,Publicado
87,6356-,6,6356,ADG32 6356 WAANANOU SL,FC/2025/0038,ROCALLA SA,2025/00033,2025-12-03,,3803.03,25169.21,Publicado
88,6356-,7,6356,ADG32 6356 WAANANOU SL,FC/2025/0037,ALUBIX SL,2025/00024,2025-11-26,,1422.96,26592.17,Publicado
89,6356-,8,6356,ADG32 6356 WAANANOU SL,FC/2025/0036,ROCALLA SA,2025/00028,2025-11-26,,3196.82,29788.99,Publicado
90,6356-,9,6356,ADG32 6356 WAANANOU SL,FC/2025/0035,ALUBIX SL,2025/00028,2025-11-26,,2814.46,32603.45,Publicado
91,6356-,10,6356,ADG32 6356 WAANANOU SL,FC/2025/0034,ROCALLA SA,2025/00027,2025-11-21,,14.52,32617.97,Pagada
92,6356-,11,6356,ADG32 6356 WAANANOU SL,FC/2025/0033,ALUBIX SL,2025/00019,2025-11-19,,4418.92,37036.89,Pagada
93,6356-,12,6356,ADG32 6356 WAANANOU SL,FC/2025/0029,ROCALLA SA,2025/00022,2025-11-19,,3488.43,40525.32,Pagada
94,6356-,13,6356,ADG32 6356 WAANANOU SL,FC/2025/0028,ALUBIX SL,2025/00022,2025-11-19,,239.58,40764.9,Pagada
95,6356-,14,6356,ADG32 6356 WAANANOU SL,FC/2025/0017,ROCALLA SA,2025/00018,2025-11-14,,326.70,41091.6,Pagada
96,6356-,15,6356,ADG32 6356 WAANANOU SL,FC/2025/0009,ROCALLA SA,2025/00017,2025-11-13,,3369.85,44461.45,Pagada
97,6356-,16,6356,ADG32 6356 WAANANOU SL,FC/2025/0008,ALUBIX SL,2025/00014,2025-11-12,,4689.96,49151.41,Pagada
98,6356-,17,6356,ADG32 6356 WAANANOU SL,FC/2025/0007,ROCALLA SA,2025/00012,2025-11-05,,2473.24,51624.65,Pagada
99,6356-,18,6356,ADG32 6356 WAANANOU SL,FC/2025/0012,ALUBIX SL,2025/00013,2025-11-05,,4360.84,55985.49,Pagada
100,6356-,19,6356,ADG32 6356 WAANANOU SL,FC/2025/0006,ROCALLA SA,2025/00010,2025-10-29,,3322.66,59308.15,Pagada
101,6356-,20,6356,ADG32 6356 WAANANOU SL,FC/2025/0005,ALUBIX SL,2025/00012,2025-10-29,,3874.42,63182.57,Pagada
102,6356-,21,6356,ADG32 6356 WAANANOU SL,FC/2025/0004,ALUBIX SL,2025/00009,2025-10-22,,4808.54,67991.11,Pagada
103,6356-,22,6356,ADG32 6356 WAANANOU SL,FC/2025/0003,ROCALLA SA,2025/00008,2025-10-22,,4977.94,72969.05,Pagada
104,6356-,23,6356,ADG32 6356 WAANANOU SL,FC/2025/0002,ALUBIX SL,2025/00005,2025-10-17,,1507.66,74476.71,Pagada
105,6356-,24,6356,ADG32 6356 WAANANOU SL,FC/2025/0001,ROCALLA SA,2025/00004,2025-10-17,,1444.74,75921.45,Pagada
106,6366-C-C/00001,1,6366,ADG32 6366 JMORAGUES SL,FC/2025/0002,ROCALLA SA,2025/00005,2025-10-17,C-C/00001,1353.99,1353.99,Pagada
107,6366-C-C/00002,2,6366,ADG32 6366 JMORAGUES SL,FC/2025/0001,ALUBIX SL,2025/00002,2025-10-17,C-C/00002,1067.22,2421.21,Pagada
108,6366-C-C/00003,3,6366,ADG32 6366 JMORAGUES SL,FC/2025/0003,ALUBIX SL,2025/00003,2025-10-22,C-C/00003,3748.58,6169.79,Pagada
109,6366-C-C/00004,4,6366,ADG32 6366 JMORAGUES SL,FC/2025/0004,ROCALLA SA,2025/00009,2025-10-22,C-C/00004,4239.84,10409.63,Pagada
110,6366-C-C/00005,5,6366,ADG32 6366 JMORAGUES SL,FC/2025/0005,ALUBIX SL,2025/00006,2025-10-29,C-C/00005,3303.30,13712.93,Pagada
111,6366-C-C/00006,6,6366,ADG32 6366 JMORAGUES SL,FC/2025/0006,ROCALLA SA,2025/00013,2025-10-29,C-C/00006,3873.21,17586.14,Pagada
112,6366-C-C/00007,7,6366,ADG32 6366 JMORAGUES SL,FC/2025/0007,ALUBIX SL,2025/00011,2025-11-05,C-C/00007,4242.26,21828.4,Pagada
113,6366-C-C/00008,8,6366,ADG32 6366 JMORAGUES SL,FC/2025/0008,ROCALLA SA,2025/00015,2025-11-05,C-C/00008,5150.97,26979.37,Pagada
114,6366-C-C/00009,9,6366,ADG32 6366 JMORAGUES SL,FC/2025/0009,ALUBIX SL,2025/00014,2025-11-12,C-C/00009,3564.66,30544.03,Pagada
115,6366-C-C/00010,10,6366,ADG32 6366 JMORAGUES SL,FC/2025/0010,ROCALLA SA,2025/00020,2025-11-12,C-C/00010,4773.45,35317.48,Pagada
116,6366-C-C/00011,11,6366,ADG32 6366 JMORAGUES SL,FC/2025/0027,ALUBIX SL,2025/00018,2025-11-19,C-C/00011,3310.56,38628.04,Pagada
117,6366-C-C/00012,12,6366,ADG32 6366 JMORAGUES SL,FC/2025/0028,ROCALLA SA,2025/00025,2025-11-19,C-C/00012,3767.94,42395.98,Pagada
118,6366-C-C/00013,13,6366,ADG32 6366 JMORAGUES SL,FC/2025/0032,ALUBIX SL,2025/00020,2025-11-26,C-C/00013,3859.90,46255.88,Publicado
119,6366-C-C/00014,14,6366,ADG32 6366 JMORAGUES SL,FC/2025/0033,ROCALLA SA,2025/00029,2025-11-26,C-C/00014,4265.25,50521.13,Publicado
120,6366-C-C/00015,15,6366,ADG32 6366 JMORAGUES SL,FC/2025/0040,ALUBIX SL,2025/00025,2025-12-03,C-C/00015,3576.76,54097.89,Publicado
121,6366-C-C/00016,16,6366,ADG32 6366 JMORAGUES SL,FC/2025/0041,ROCALLA SA,2025/00030,2025-12-03,C-C/00016,4345.11,58443,Publicado
122,6366-C-C/00017,17,6366,ADG32 6366 JMORAGUES SL,FC/2025/0046,ALUBIX SL,2025/00028,2025-12-10,C-C/00017,3492.06,61935.06,Publicado
123,6366-C-C/00018,18,6366,ADG32 6366 JMORAGUES SL,FC/2025/0047,ROCALLA SA,2025/00035,2025-12-10,C-C/00018,4189.02,66124.08,Publicado
124,6366-C-C/00019,19,6366,ADG32 6366 JMORAGUES SL,FC/2025/0050,ALUBIX SL,2025/00031,2025-12-18,C-C/00019,3373.48,69497.56,Publicado
125,6366-C-C/00020,20,6366,ADG32 6366 JMORAGUES SL,FC/2025/0051,ROCALLA SA,2025/00036,2025-12-18,C-C/00020,3767.94,73265.5,Publicado
126,6368-C-C/00001,1,6368,ADG32 6368 LPIZA SL,FC/2025/0001,ROCALLA SA,2025/00001,2025-10-17,C-C/00001,1672.22,1672.22,Pagada
127,6368-C-C/00002,2,6368,ADG32 6368 LPIZA SL,FC/2025/0002,ALUBIX SL,2025/00004,2025-10-17,C-C/00002,1447.16,3119.38,Pagada
128,6368-C-C/00003,3,6368,ADG32 6368 LPIZA SL,FC/2025/0003,ALUBIX SL,2025/00006,2025-10-22,C-C/00003,3092.76,6212.14,Pagada
129,6368-C-C/00004,4,6368,ADG32 6368 LPIZA SL,FC/2025/0004,ROCALLA SA,2025/00003,2025-10-22,C-C/00004,3559.82,9771.96,Pagada
130,6368-C-C/00005,5,6368,ADG32 6368 LPIZA SL,FC/2025/0005,ROCALLA SA,2025/00007,2025-10-29,C-C/00005,4264.04,14036,Pagada
131,6368-C-C/00006,6,6368,ADG32 6368 LPIZA SL,FC/2025/0006,ALUBIX SL,2025/00007,2025-10-29,C-C/00006,3598.54,17634.54,Pagada
132,6368-C-C/00007,7,6368,ADG32 6368 LPIZA SL,FC/2025/0007,ALUBIX SL,2025/00010,2025-11-05,C-C/00007,3813.92,21448.46,Pagada
133,6368-C-C/00008,8,6368,ADG32 6368 LPIZA SL,FC/2025/0008,ROCALLA SA,2025/00011,2025-11-05,C-C/00008,4714.16,26162.62,Pagada
134,6368-C-C/00009,9,6368,ADG32 6368 LPIZA SL,FC/2025/0009,ALUBIX SL,2025/00013,2025-11-13,C-C/00009,3315.40,29478.02,Pagada
135,6368-C-C/00010,10,6368,ADG32 6368 LPIZA SL,FC/2025/0010,ROCALLA SA,2025/00016,2025-11-13,C-C/00010,4486.68,33964.7,Pagada
136,6368-C-C/00011,11,6368,ADG32 6368 LPIZA SL,FC/2025/0027,ROCALLA SA,2025/00019,2025-11-19,C-C/00011,4176.92,38141.62,Pagada
137,6368-C-C/00012,12,6368,ADG32 6368 LPIZA SL,FC/2025/0028,ALUBIX SL,2025/00018,2025-11-19,C-C/00012,3540.46,41682.08,Pagada
138,6368-C-C/00013,13,6368,ADG32 6368 LPIZA SL,FC/2025/0029,ALUBIX SL,2025/00023,2025-11-26,C-C/00013,3959.12,45641.2,Publicado
139,6368-C-C/00014,14,6368,ADG32 6368 LPIZA SL,FC/2025/0030,ROCALLA SA,2025/00024,2025-11-26,C-C/00014,4271.30,49912.5,Publicado
140,6368-C-C/00015,15,6368,ADG32 6368 LPIZA SL,FC/2025/0037,ROCALLA SA,2025/00027,2025-12-03,C-C/00015,4663.34,54575.84,Publicado
141,6368-C-C/00016,16,6368,ADG32 6368 LPIZA SL,FC/2025/0038,ALUBIX SL,2025/00027,2025-12-03,C-C/00016,3913.14,58488.98,Publicado
142,6368-C-C/00017,17,6368,ADG32 6368 LPIZA SL,FC/2025/0042,ALUBIX SL,2025/00030,2025-12-10,C-C/00017,3593.70,62082.68,Publicado
143,6368-C-C/00018,18,6368,ADG32 6368 LPIZA SL,FC/2025/0043,ROCALLA SA,2025/00029,2025-12-10,C-C/00018,5186.06,67268.74,Publicado
144,6368-C-C/00019,19,6368,ADG32 6368 LPIZA SL,FC/2025/0049,ALUBIX SL,2025/00031,2025-12-17,C-C/00019,3283.94,70552.68,Publicado
145,6368-C-C/00020,20,6368,ADG32 6368 LPIZA SL,FC/2025/0050,ROCALLA SA,2025/00034,2025-12-17,C-C/00020,3741.32,74294,Publicado
146,6369-C-C/00001,1,6369,ADG32 6369 VMASTRANGELO SL,FC/2025/0001,ROCALLA SA,2025/00001,2025-10-17,C-C/00001,1593.57,1593.57,Pagada
147,6369-C-C/00002,2,6369,ADG32 6369 VMASTRANGELO SL,FC/2025/0002,ALUBIX SL,2025/00002,2025-10-17,C-C/00002,1239.04,2832.61,Pagada
148,6369-C-C/00003,3,6369,ADG32 6369 VMASTRANGELO SL,FC/2025/0003,ROCALLA SA,2025/00005,2025-10-22,C-C/00003,4268.88,7101.49,Pagada
149,6369-C-C/00004,4,6369,ADG32 6369 VMASTRANGELO SL,FC/2025/0005,ALUBIX SL,2025/00009,2025-10-22,C-C/00004,1840.41,8941.9,Pagada
150,6369-C-C/00005,5,6369,ADG32 6369 VMASTRANGELO SL,FC/2025/0004,ALUBIX SL,2025/00007,2025-10-22,C-C/00005,1583.89,10525.79,Pagada
151,6369-C-C/00006,6,6369,ADG32 6369 VMASTRANGELO SL,FC/2025/0007,ROCALLA SA,2025/00009,2025-10-29,C-C/00006,4544.76,15070.55,Pagado parcialmente
152,6369-C-C/00007,7,6369,ADG32 6369 VMASTRANGELO SL,FC/2025/0006,ALUBIX SL,2025/00012,2025-10-29,C-C/00007,3286.36,18356.91,Pagada
153,6369-C-C/00008,8,6369,ADG32 6369 VMASTRANGELO SL,FC/2025/0008,ALUBIX SL,2025/00013,2025-11-05,C-C/00008,3501.74,21858.65,Pagada
154,6369-C-C/00009,9,6369,ADG32 6369 VMASTRANGELO SL,FC/2025/0009,ROCALLA SA,2025/00014,2025-11-05,C-C/00009,4034.14,25892.79,Pagada
155,6369-C-C/00010,10,6369,ADG32 6369 VMASTRANGELO SL,FC/2025/0010,ALUBIX SL,2025/00015,2025-11-12,C-C/00010,3682.64,29575.43,Pagada
156,6369-C-C/00011,11,6369,ADG32 6369 VMASTRANGELO SL,FC/2025/0011,ROCALLA SA,2025/00015,2025-11-12,C-C/00011,4266.46,33841.89,Pagada
157,6369-C-C/00012,12,6369,ADG32 6369 VMASTRANGELO SL,FC/2025/0028,ALUBIX SL,2025/00017,2025-11-19,C-C/00012,3590.07,37431.96,Pagada
158,6369-C-C/00013,13,6369,ADG32 6369 VMASTRANGELO SL,FC/2025/0029,ROCALLA SA,2025/00017,2025-11-19,C-C/00013,4089.80,41521.76,Pagada
159,6369-C-C/00014,14,6369,ADG32 6369 VMASTRANGELO SL,FC/2025/0030,ALUBIX SL,2025/00020,2025-11-26,C-C/00014,3931.29,45453.05,Publicado
160,6369-C-C/00015,15,6369,ADG32 6369 VMASTRANGELO SL,FC/2025/0031,ROCALLA SA,2025/00022,2025-11-26,C-C/00015,4502.41,49955.46,Publicado
161,6369-C-C/00016,16,6369,ADG32 6369 VMASTRANGELO SL,FC/2025/0038,ALUBIX SL,2025/00024,2025-12-03,C-C/00016,3245.83,53201.29,Publicado
162,6369-C-C/00017,17,6369,ADG32 6369 VMASTRANGELO SL,FC/2025/0039,ROCALLA SA,2025/00027,2025-12-03,C-C/00017,4397.14,57598.43,Publicado
163,6369-C-C/00018,18,6369,ADG32 6369 VMASTRANGELO SL,FC/2025/0040,ROCALLA SA,2025/00030,2025-12-03,C-C/00018,65.34,57663.77,Publicado
164,6369-C-C/00019,19,6369,ADG32 6369 VMASTRANGELO SL,FC/2025/0047,ROCALLA SA,2025/00035,2025-12-10,C-C/00019,4440.70,62104.47,Publicado
165,6369-C-C/00020,20,6369,ADG32 6369 VMASTRANGELO SL,FC/2025/0048,ALUBIX SL,2025/00027,2025-12-10,C-C/00020,3415.83,65520.3,Publicado
166,6369-C-C/00021,21,6369,ADG32 6369 VMASTRANGELO SL,FC/2025/0050,ALUBIX SL,2025/00030,2025-12-17,C-C/00021,3581.60,69101.9,Publicado
167,6369-C-C/00022,22,6369,ADG32 6369 VMASTRANGELO SL,FC/2025/0049,ROCALLA SA,2025/00037,2025-12-17,C-C/00022,4262.83,73364.73,Publicado
168,6427-C-C/00001,1,6427,ADG32 6427 NANANOU SL,FC/2025/0001,ROCALLA SA,2025/00001,2025-10-17,C-C/00001,786.50,786.5,Pagada
169,6427-C-C/00002,2,6427,ADG32 6427 NANANOU SL,FC/2025/0002,ALUBIX SL,2025/00001,2025-10-17,C-C/00002,1352.78,2139.28,Pagada
170,6427-C-C/00003,3,6427,ADG32 6427 NANANOU SL,FC/2025/0003,ROCALLA SA,2025/00004,2025-10-23,C-C/00003,2870.12,5009.4,Pagada
171,6427-C-C/00004,4,6427,ADG32 6427 NANANOU SL,FC/2025/0004,ALUBIX SL,2025/00005,2025-10-23,C-C/00004,4619.78,9629.18,Pagada
172,6427-C-C/00005,5,6427,ADG32 6427 NANANOU SL,FC/2025/0005,ROCALLA SA,2025/00005,2025-10-29,C-C/00005,2618.44,12247.62,Pagada
173,6427-C-C/00006,6,6427,ADG32 6427 NANANOU SL,FC/2025/0006,ALUBIX SL,2025/00007,2025-10-29,C-C/00006,4474.58,16722.2,Pagada
174,6427-C-C/00007,7,6427,ADG32 6427 NANANOU SL,FC/2025/0007,ALUBIX SL,2025/00010,2025-11-05,C-C/00007,5186.06,21908.26,Pagada
175,6427-C-C/00008,8,6427,ADG32 6427 NANANOU SL,FC/2025/0008,ROCALLA SA,2025/00006,2025-11-05,C-C/00008,3274.26,25182.52,Pagada
176,6427-C-C/00009,9,6427,ADG32 6427 NANANOU SL,FC/2025/0009,ALUBIX SL,2025/00014,2025-11-12,C-C/00009,4636.72,29819.24,Pagada
177,6427-C-C/00010,10,6427,ADG32 6427 NANANOU SL,FC/2025/0010,ROCALLA SA,2025/00010,2025-11-12,C-C/00010,2816.88,32636.12,Pagada
178,6427-C-C/00011,11,6427,ADG32 6427 NANANOU SL,FC/2025/0027,ALUBIX SL,2025/00018,2025-11-19,C-C/00011,4542.34,37178.46,Pagada
179,6427-C-C/00012,12,6427,ADG32 6427 NANANOU SL,FC/2025/0028,ROCALLA SA,2025/00011,2025-11-19,C-C/00012,3332.34,40510.8,Pagada
180,6427-C-C/00013,13,6427,ADG32 6427 NANANOU SL,FC/2025/0032,ALUBIX SL,2025/00022,2025-11-26,C-C/00013,4881.14,45391.94,Publicado
181,6427-C-C/00014,14,6427,ADG32 6427 NANANOU SL,FC/2025/0033,ROCALLA SA,2025/00014,2025-11-26,C-C/00014,3160.52,48552.46,Publicado
182,6427-C-C/00015,15,6427,ADG32 6427 NANANOU SL,FC/2025/0034,ALUBIX SL,2025/00024,2025-12-03,C-C/00015,4653.66,53206.12,Publicado
183,6427-C-C/00016,16,6427,ADG32 6427 NANANOU SL,FC/2025/0035,ROCALLA SA,2025/00018,2025-12-03,C-C/00016,2792.68,55998.8,Publicado
184,6427-C-C/00017,17,6427,ADG32 6427 NANANOU SL,FC/2025/0042,ALUBIX SL,2025/00028,2025-12-10,C-C/00017,5164.28,61163.08,Publicado
185,6427-C-C/00018,18,6427,ADG32 6427 NANANOU SL,FC/2025/0043,ROCALLA SA,2025/00021,2025-12-10,C-C/00018,3254.90,64417.98,Publicado
186,6427-C-C/00019,19,6427,ADG32 6427 NANANOU SL,FC/2025/0045,ALUBIX SL,2025/00029,2025-12-17,C-C/00019,4670.60,69088.58,Publicado
187,6427-C-C/00020,20,6427,ADG32 6427 NANANOU SL,FC/2025/0046,ROCALLA SA,2025/00026,2025-12-17,C-C/00020,2974.18,72062.76,Publicado
188,6428-C-C/00003,1,6428,ADG32 6428 ABOUBAL SL,FC/2025/0001,ALUBIX SL,2025/00003,2025-10-23,C-C/00003,5057.80,5057.8,Pagada
189,6428-C-C/00004,2,6428,ADG32 6428 ABOUBAL SL,FC/2025/0002,ROCALLA SA,2025/00001,2025-10-23,C-C/00004,5619.24,10677.04,Pagada
190,6428-C-C/00005,3,6428,ADG32 6428 ABOUBAL SL,FC/2025/0004,ROCALLA SA,2025/00004,2025-10-29,C-C/00005,4179.34,14856.38,Pagada
191,6428-C-C/00006,4,6428,ADG32 6428 ABOUBAL SL,FC/2025/0003,ALUBIX SL,2025/00008,2025-10-29,C-C/00006,3649.36,18505.74,Pagada
192,6428-C-C/00007,5,6428,ADG32 6428 ABOUBAL SL,FC/2025/0005,ROCALLA SA,2025/00005,2025-11-05,C-C/00007,3934.92,22440.66,Pagada
193,6428-C-C/00008,6,6428,ADG32 6428 ABOUBAL SL,FC/2025/0006,ALUBIX SL,2025/00010,2025-11-05,C-C/00008,4143.04,26583.7,Pagada
194,6428-C-C/00009,7,6428,ADG32 6428 ABOUBAL SL,FC/2025/0007,ALUBIX SL,2025/00015,2025-11-12,C-C/00009,3683.24,30266.94,Pagada
195,6428-C-C/00010,8,6428,ADG32 6428 ABOUBAL SL,FC/2025/0008,ROCALLA SA,2025/00010,2025-11-12,C-C/00010,3932.50,34199.44,Pagada
196,6428-C-C/00011,9,6428,ADG32 6428 ABOUBAL SL,FC/2025/0017,ALUBIX SL,2025/00016,2025-11-19,C-C/00011,4404.40,38603.84,Pagada
197,6428-C-C/00012,10,6428,ADG32 6428 ABOUBAL SL,FC/2025/0018,ROCALLA SA,2025/00013,2025-11-19,C-C/00012,4302.76,42906.6,Pagada
198,6428-C-C/00013,11,6428,ADG32 6428 ABOUBAL SL,FC/2025/0019,ROCALLA SA,2025/00015,2025-11-26,C-C/00013,4215.64,47122.24,Publicado
199,6428-C-C/00014,12,6428,ADG32 6428 ABOUBAL SL,FC/2025/0020,ALUBIX SL,2025/00021,2025-11-26,C-C/00014,3988.16,51110.4,Publicado
200,6428-C-C/00015,13,6428,ADG32 6428 ABOUBAL SL,FC/2025/0023,ALUBIX SL,2025/00026,2025-12-03,C-C/00015,3891.36,55001.76,Publicado
201,6428-C-C/00016,14,6428,ADG32 6428 ABOUBAL SL,FC/2025/0024,ROCALLA SA,2025/00018,2025-12-03,C-C/00016,3978.48,58980.24,Publicado
202,6428-C-C/00017,15,6428,ADG32 6428 ABOUBAL SL,FC/2025/0039,ALUBIX SL,2025/00030,2025-12-10,C-C/00017,3417.04,62397.28,Publicado
203,6428-C-C/00018,16,6428,ADG32 6428 ABOUBAL SL,FC/2025/0040,ROCALLA SA,2025/00020,2025-12-10,C-C/00018,4164.82,66562.1,Publicado
204,6431-C-C/00001,1,6431,ADG32 6431 GZOUGGAGHI SL,FC/2025/0002,ALUBIX SL,2025/00004,2025-10-17,C-C/00001,1287.44,1287.44,Pagada
205,6431-C-C/00002,2,6431,ADG32 6431 GZOUGGAGHI SL,FC/2025/0001,ROCALLA SA,2025/00005,2025-10-17,C-C/00002,1345.52,2632.96,Pagada
206,6431-C-C/00003,3,6431,ADG32 6431 GZOUGGAGHI SL,FC/2025/0004,ALUBIX SL,2025/00006,2025-10-22,C-C/00003,3165.36,5798.32,Pagada
207,6431-C-C/00004,4,6431,ADG32 6431 GZOUGGAGHI SL,FC/2025/0003,ROCALLA SA,2025/00008,2025-10-22,C-C/00004,4019.62,9817.94,Pagada
208,6431-C-C/00005,5,6431,ADG32 6431 GZOUGGAGHI SL,FC/2025/0006,ALUBIX SL,2025/00009,2025-10-29,C-C/00005,3472.70,13290.64,Pagada
209,6431-C-C/00006,6,6431,ADG32 6431 GZOUGGAGHI SL,FC/2025/0005,ROCALLA SA,2025/00010,2025-10-29,C-C/00006,3726.80,17017.44,Pagada
210,6431-C-C/00007,7,6431,ADG32 6431 GZOUGGAGHI SL,FC/2025/0007,ALUBIX SL,2025/00012,2025-11-05,C-C/00007,3661.46,20678.9,Pagada
211,6431-C-C/00008,8,6431,ADG32 6431 GZOUGGAGHI SL,FC/2025/0008,ROCALLA SA,2025/00014,2025-11-05,C-C/00008,4048.66,24727.56,Pagada
212,6431-C-C/00009,9,6431,ADG32 6431 GZOUGGAGHI SL,FC/2025/0009,ALUBIX SL,2025/00015,2025-11-12,C-C/00009,3552.56,28280.12,Pagada
213,6431-C-C/00010,10,6431,ADG32 6431 GZOUGGAGHI SL,FC/2025/0010,ROCALLA SA,2025/00019,2025-11-12,C-C/00010,4135.78,32415.9,Pagada
214,6431-C-C/00011,11,6431,ADG32 6431 GZOUGGAGHI SL,FC/2025/0028,ALUBIX SL,2025/00018,2025-11-19,C-C/00011,4034.14,36450.04,Pagada
215,6431-C-C/00012,12,6431,ADG32 6431 GZOUGGAGHI SL,FC/2025/0027,ROCALLA SA,2025/00021,2025-11-19,C-C/00012,4075.28,40525.32,Pagada
216,6431-C-C/00013,13,6431,ADG32 6431 GZOUGGAGHI SL,FC/2025/0029,ALUBIX SL,2025/00021,2025-11-26,C-C/00013,3467.86,43993.18,Publicado
217,6431-C-C/00014,14,6431,ADG32 6431 GZOUGGAGHI SL,FC/2025/0030,ROCALLA SA,2025/00025,2025-11-26,C-C/00014,4285.82,48279,Publicado
218,6431-C-C/00015,15,6431,ADG32 6431 GZOUGGAGHI SL,FC/2025/0040,ALUBIX SL,2025/00026,2025-12-03,C-C/00015,4164.82,52443.82,Publicado
219,6431-C-C/00016,16,6431,ADG32 6431 GZOUGGAGHI SL,FC/2025/0041,ROCALLA SA,2025/00029,2025-12-03,C-C/00016,4456.43,56900.25,Publicado
220,6431-C-C/00017,17,6431,ADG32 6431 GZOUGGAGHI SL,FC/2025/0042,ALUBIX SL,2025/00031,2025-12-10,C-C/00017,3930.08,60830.33,Publicado
221,6431-C-C/00018,18,6431,ADG32 6431 GZOUGGAGHI SL,FC/2025/0043,ROCALLA SA,2025/00031,2025-12-10,C-C/00018,4622.20,65452.53,Publicado
222,6431-C-C/00019,19,6431,ADG32 6431 GZOUGGAGHI SL,FC/2025/0045,ALUBIX SL,2025/00034,2025-12-17,C-C/00019,3598.54,69051.07,Publicado
223,6431-C-C/00020,20,6431,ADG32 6431 GZOUGGAGHI SL,FC/2025/0046,ROCALLA SA,2025/00032,2025-12-17,C-C/00020,4277.35,73328.42,Publicado
224,6702-C-C/00001,1,6702,ADG32 6702 NFORNES SL,FC/2025/0002,ROCALLA SA,2025/00004,2025-10-17,C-C/00001,878.46,878.46,Pagada
225,6702-C-C/00002,2,6702,ADG32 6702 NFORNES SL,FC/2025/0001,ALUBIX SL,2025/00004,2025-10-17,C-C/00002,1280.18,2158.64,Pagada
226,6702-C-C/00003,3,6702,ADG32 6702 NFORNES SL,FC/2025/0003,ALUBIX SL,2025/00008,2025-10-22,C-C/00003,4735.94,6894.58,Pagada
227,6702-C-C/00004,4,6702,ADG32 6702 NFORNES SL,FC/2025/0004,ROCALLA SA,2025/00008,2025-10-22,C-C/00004,3204.08,10098.66,Pagada
228,6702-C-C/00005,5,6702,ADG32 6702 NFORNES SL,FC/2025/0005,ROCALLA SA,2025/00009,2025-10-29,C-C/00005,3300.88,13399.54,Pagada
229,6702-C-C/00006,6,6702,ADG32 6702 NFORNES SL,FC/2025/0006,ALUBIX SL,2025/00009,2025-10-29,C-C/00006,4460.06,17859.6,Pagada
230,6702-C-C/00007,7,6702,ADG32 6702 NFORNES SL,FC/2025/0007,ROCALLA SA,2025/00014,2025-11-05,C-C/00007,3015.32,20874.92,Pagada
231,6702-C-C/00008,8,6702,ADG32 6702 NFORNES SL,FC/2025/0008,ALUBIX SL,2025/00013,2025-11-05,C-C/00008,4256.78,25131.7,Pagada
232,6702-C-C/00009,9,6702,ADG32 6702 NFORNES SL,FC/2025/0009,ROCALLA SA,2025/00015,2025-11-12,C-C/00009,3317.82,28449.52,Pagada
233,6702-C-C/00010,10,6702,ADG32 6702 NFORNES SL,FC/2025/0010,ALUBIX SL,2025/00016,2025-11-12,C-C/00010,4455.22,32904.74,Pagada
234,6702-C-C/00011,11,6702,ADG32 6702 NFORNES SL,FC/2025/0027,ALUBIX SL,2025/00020,2025-11-19,C-C/00011,4789.18,37693.92,Pagada
235,6702-C-C/00012,12,6702,ADG32 6702 NFORNES SL,FC/2025/0028,ROCALLA SA,2025/00019,2025-11-19,C-C/00012,3373.48,41067.4,Pagada
236,6702-C-C/00017,13,6702,ADG32 6702 NFORNES SL,FC/2025/0036,ALUBIX SL,2025/00021,2025-11-26,C-C/00017,4675.44,45742.84,Publicado
237,6702-C-C/00018,14,6702,ADG32 6702 NFORNES SL,FC/2025/0035,ROCALLA SA,2025/00024,2025-11-26,C-C/00018,3150.84,48893.68,Publicado
238,6702-C-C/00019,15,6702,ADG32 6702 NFORNES SL,FC/2025/0041,ALUBIX SL,2025/00022,2025-12-03,C-C/00019,4614.94,53508.62,Publicado
239,6702-C-C/00020,16,6702,ADG32 6702 NFORNES SL,FC/2025/0042,ROCALLA SA,2025/00026,2025-12-03,C-C/00020,3358.96,56867.58,Publicado
240,6702-C-C/00021,17,6702,ADG32 6702 NFORNES SL,FC/2025/0047,ALUBIX SL,2025/00023,2025-12-10,C-C/00021,5094.10,61961.68,Publicado
241,6702-C-C/00022,18,6702,ADG32 6702 NFORNES SL,FC/2025/0048,ROCALLA SA,2025/00028,2025-12-10,C-C/00022,3228.28,65189.96,Publicado
242,6702-C-C/00023,19,6702,ADG32 6702 NFORNES SL,FC/2025/0050,ALUBIX SL,2025/00027,2025-12-18,C-C/00023,4692.38,69882.34,Publicado
243,6702-C-C/00024,20,6702,ADG32 6702 NFORNES SL,FC/2025/0051,ROCALLA SA,2025/00033,2025-12-18,C-C/00024,3267.00,73149.34,Publicado
244,6706-C-C/00001,1,6706,ADG32 6706 NSUIYHI SL,FC/2025/0001,ROCALLA SA,2025/00002,2025-10-17,C-C/00001,1582.68,1582.68,Pagada
245,6706-C-C/00002,2,6706,ADG32 6706 NSUIYHI SL,FC/2025/0002,ALUBIX SL,2025/00003,2025-10-17,C-C/00002,849.42,2432.1,Pagada
246,6706-C-C/00003,3,6706,ADG32 6706 NSUIYHI SL,FC/2025/0003,ROCALLA SA,2025/00004,2025-10-22,C-C/00003,4464.90,6897,Pagada
247,6706-C-C/00004,4,6706,ADG32 6706 NSUIYHI SL,FC/2025/0004,ALUBIX SL,2025/00006,2025-10-22,C-C/00004,3869.58,10766.58,Pagada
248,6706-C-C/00005,5,6706,ADG32 6706 NSUIYHI SL,FC/2025/0006,ALUBIX SL,2025/00009,2025-10-29,C-C/00005,3862.32,14628.9,Pagada
249,6706-C-C/00006,6,6706,ADG32 6706 NSUIYHI SL,FC/2025/0005,ROCALLA SA,2025/00007,2025-10-29,C-C/00006,4123.68,18752.58,Pagada
250,6706-C-C/00007,7,6706,ADG32 6706 NSUIYHI SL,FC/2025/0007,ALUBIX SL,2025/00014,2025-11-05,C-C/00007,4486.68,23239.26,Pagada
251,6706-C-C/00008,8,6706,ADG32 6706 NSUIYHI SL,FC/2025/0008,ROCALLA SA,2025/00011,2025-11-05,C-C/00008,3477.54,26716.8,Pagada
252,6706-C-C/00009,9,6706,ADG32 6706 NSUIYHI SL,FC/2025/0009,ALUBIX SL,2025/00017,2025-11-12,C-C/00009,4094.64,30811.44,Pagada
253,6706-C-C/00010,10,6706,ADG32 6706 NSUIYHI SL,FC/2025/0010,ROCALLA SA,2025/00012,2025-11-12,C-C/00010,4268.88,35080.32,Pagada
254,6706-C-C/00011,11,6706,ADG32 6706 NSUIYHI SL,FC/2025/0028,ROCALLA SA,2025/00014,2025-11-19,C-C/00011,3659.04,38739.36,Pagada
255,6706-C-C/00012,12,6706,ADG32 6706 NSUIYHI SL,FC/2025/0027,ALUBIX SL,2025/00020,2025-11-19,C-C/00012,4297.92,43037.28,Pagada
256,6706-C-C/00013,13,6706,ADG32 6706 NSUIYHI SL,FC/2025/0033,ALUBIX SL,2025/00023,2025-11-26,C-C/00013,4646.40,47683.68,Publicado
257,6706-C-C/00014,14,6706,ADG32 6706 NSUIYHI SL,FC/2025/0032,ROCALLA SA,2025/00019,2025-11-26,C-C/00014,4414.08,52097.76,Publicado
258,6706-C-C/00015,15,6706,ADG32 6706 NSUIYHI SL,FC/2025/0035,ALUBIX SL,2025/00026,2025-12-03,C-C/00015,3731.64,55829.4,Publicado
259,6706-C-C/00016,16,6706,ADG32 6706 NSUIYHI SL,FC/2025/0034,ROCALLA SA,2025/00020,2025-12-03,C-C/00016,4443.12,60272.52,Publicado
260,6706-C-C/00017,17,6706,ADG32 6706 NSUIYHI SL,FC/2025/0042,ROCALLA SA,2025/00022,2025-12-10,C-C/00017,4014.78,64287.3,Publicado
261,6706-C-C/00018,18,6706,ADG32 6706 NSUIYHI SL,FC/2025/0043,ALUBIX SL,2025/00029,2025-12-10,C-C/00018,3615.48,67902.78,Publicado
262,6706-C-C/00019,19,6706,ADG32 6706 NSUIYHI SL,FC/2025/0047,ROCALLA SA,2025/00024,2025-12-19,C-C/00019,3346.86,71249.64,Publicado
263,6706-C-C/00020,20,6706,ADG32 6706 NSUIYHI SL,FC/2025/0046,ALUBIX SL,2025/00036,2025-12-19,C-C/00020,3259.74,74509.38,Publicado
264,6706-C-C/00021,21,6706,ADG32 6706 NSUIYHI SL,FC/2025/0045,ALUBIX SL,2025/00034,2025-12-19,C-C/00021,72.60,74581.98,Publicado
265,6707-C-C/00001,1,6707,ADG32 6707 MOUAZINE SL,FC/2025/0001,ROCALLA SA,2025/00004,2025-10-17,C-C/00001,1408.44,1408.44,Pagada
266,6707-C-C/00002,2,6707,ADG32 6707 MOUAZINE SL,FC/2025/0002,ALUBIX SL,2025/00003,2025-10-17,C-C/00002,1323.74,2732.18,Pagada
267,6707-C-C/00003,3,6707,ADG32 6707 MOUAZINE SL,FC/2025/0003,ALUBIX SL,2025/00007,2025-10-22,C-C/00003,4293.08,7025.26,Pagada
268,6707-C-C/00004,4,6707,ADG32 6707 MOUAZINE SL,FC/2025/0004,ROCALLA SA,2025/00009,2025-10-22,C-C/00004,4421.34,11446.6,Pagada
269,6707-C-C/00005,5,6707,ADG32 6707 MOUAZINE SL,FC/2025/0005,ROCALLA SA,2025/00014,2025-10-29,C-C/00005,4145.46,15592.06,Pagada
270,6707-C-C/00006,6,6707,ADG32 6707 MOUAZINE SL,FC/2025/0006,ALUBIX SL,2025/00012,2025-10-29,C-C/00006,4135.78,19727.84,Pagada
271,6707-C-C/00007,7,6707,ADG32 6707 MOUAZINE SL,FC/2025/0007,ALUBIX SL,2025/00017,2025-11-05,C-C/00007,3947.02,23674.86,Pagada
272,6707-C-C/00008,8,6707,ADG32 6707 MOUAZINE SL,FC/2025/0008,ROCALLA SA,2025/00017,2025-11-05,C-C/00008,4094.64,27769.5,Pagada
273,6707-C-C/00009,9,6707,ADG32 6707 MOUAZINE SL,FC/2025/0010,ALUBIX SL,2025/00020,2025-11-13,C-C/00009,3821.18,31590.68,Pagada
274,6707-C-C/00010,10,6707,ADG32 6707 MOUAZINE SL,FC/2025/0009,ROCALLA SA,2025/00020,2025-11-13,C-C/00010,3930.08,35520.76,Pagada
275,6707-C-C/00011,11,6707,ADG32 6707 MOUAZINE SL,FC/2025/0027,ROCALLA SA,2025/00022,2025-11-19,C-C/00011,3888.94,39409.7,Pagada
276,6707-C-C/00012,12,6707,ADG32 6707 MOUAZINE SL,FC/2025/0028,ALUBIX SL,2025/00021,2025-11-19,C-C/00012,3821.18,43230.88,Pagada
277,6707-C-C/00013,13,6707,ADG32 6707 MOUAZINE SL,FC/2025/0029,ROCALLA SA,2025/00024,2025-11-26,C-C/00013,4038.98,47269.86,Publicado
278,6707-C-C/00014,14,6707,ADG32 6707 MOUAZINE SL,FC/2025/0030,ALUBIX SL,2025/00025,2025-11-26,C-C/00014,4087.38,51357.24,Publicado
279,6707-C-C/00015,15,6707,ADG32 6707 MOUAZINE SL,FC/2025/0031,ALUBIX SL,2025/00029,2025-12-03,C-C/00015,4026.88,55384.12,Publicado
280,6707-C-C/00016,16,6707,ADG32 6707 MOUAZINE SL,FC/2025/0032,ROCALLA SA,2025/00028,2025-12-03,C-C/00016,4014.78,59398.9,Publicado
281,6707-C-C/00017,17,6707,ADG32 6707 MOUAZINE SL,FC/2025/0036,ALUBIX SL,2025/00031,2025-12-10,C-C/00017,4290.66,63689.56,Publicado
282,6707-C-C/00018,18,6707,ADG32 6707 MOUAZINE SL,FC/2025/0037,ROCALLA SA,2025/00031,2025-12-10,C-C/00018,3961.54,67651.1,Publicado
283,6707-C-C/00019,19,6707,ADG32 6707 MOUAZINE SL,FC/2025/0046,ROCALLA SA,2025/00036,2025-12-18,C-C/00019,4433.44,72084.54,Publicado
284,6707-C-C/00020,20,6707,ADG32 6707 MOUAZINE SL,FC/2025/0045,ALUBIX SL,2025/00033,2025-12-18,C-C/00020,4205.96,76290.5,Publicado
285,6734-C-C/00001,1,6734,ADG32 6734 LABOLAFIO SL,FC/2025/0002,ROCALLA SA,2025/00003,2025-10-17,C-C/00001,1089.00,1089,Pagada
286,6734-C-C/00002,2,6734,ADG32 6734 LABOLAFIO SL,FC/2025/0001,ALUBIX SL,2025/00001,2025-10-17,C-C/00002,1638.34,2727.34,Publicado
287,6734-C-C/00003,3,6734,ADG32 6734 LABOLAFIO SL,FC/2025/0003,ALUBIX SL,2025/00002,2025-10-23,C-C/00003,4704.48,7431.82,Publicado
288,6734-C-C/00004,4,6734,ADG32 6734 LABOLAFIO SL,FC/2025/0004,ROCALLA SA,2025/00006,2025-10-23,C-C/00004,3315.40,10747.22,Pagada
289,6734-C-C/00005,5,6734,ADG32 6734 LABOLAFIO SL,FC/2025/0005,ALUBIX SL,2025/00007,2025-10-29,C-C/00005,4481.84,15229.06,Publicado
290,6734-C-C/00006,6,6734,ADG32 6734 LABOLAFIO SL,FC/2025/0006,ROCALLA SA,2025/00010,2025-10-29,C-C/00006,3000.80,18229.86,Pagada
291,6734-C-C/00007,7,6734,ADG32 6734 LABOLAFIO SL,FC/2025/0007,ALUBIX SL,2025/00008,2025-11-05,C-C/00007,5164.28,23394.14,Publicado
292,6734-C-C/00008,8,6734,ADG32 6734 LABOLAFIO SL,FC/2025/0008,ROCALLA SA,2025/00014,2025-11-05,C-C/00008,3521.10,26915.24,Pagada
293,6734-C-C/00009,9,6734,ADG32 6734 LABOLAFIO SL,FC/2025/0009,ALUBIX SL,2025/00010,2025-11-12,C-C/00009,4694.80,31610.04,Publicado
294,6734-C-C/00010,10,6734,ADG32 6734 LABOLAFIO SL,FC/2025/0010,ROCALLA SA,2025/00019,2025-11-12,C-C/00010,3273.05,34883.09,Pagada
295,6734-C-C/00011,11,6734,ADG32 6734 LABOLAFIO SL,FC/2025/0027,ALUBIX SL,2025/00014,2025-11-20,C-C/00011,5103.78,39986.87,Publicado
296,6734-C-C/00012,12,6734,ADG32 6734 LABOLAFIO SL,FC/2025/0028,ROCALLA SA,2025/00020,2025-11-20,C-C/00012,3067.35,43054.22,Pagada
297,6734-C-C/00013,13,6734,ADG32 6734 LABOLAFIO SL,FC/2025/0032,ALUBIX SL,2025/00019,2025-11-26,C-C/00013,5055.38,48109.6,Publicado
298,6734-C-C/00014,14,6734,ADG32 6734 LABOLAFIO SL,FC/2025/0033,ROCALLA SA,2025/00021,2025-11-26,C-C/00014,3763.10,51872.7,Publicado
299,6734-C-C/00015,15,6734,ADG32 6734 LABOLAFIO SL,FC/2025/0034,ALUBIX SL,2025/00020,2025-11-26,C-C/00015,522.72,52395.42,Publicado
300,6734-C-C/00016,16,6734,ADG32 6734 LABOLAFIO SL,FC/2025/0041,ALUBIX SL,2025/00024,2025-12-03,C-C/00016,4549.60,56945.02,Publicado
301,6734-C-C/00017,17,6734,ADG32 6734 LABOLAFIO SL,FC/2025/0042,ROCALLA SA,2025/00022,2025-12-03,C-C/00017,3557.40,60502.42,Publicado
302,6734-C-C/00018,18,6734,ADG32 6734 LABOLAFIO SL,FC/2025/0046,ROCALLA SA,2025/00026,2025-12-10,C-C/00018,3267.00,63769.42,Publicado
303,6734-C-C/00019,19,6734,ADG32 6734 LABOLAFIO SL,FC/2025/0047,ALUBIX SL,2025/00025,2025-12-10,C-C/00019,5052.96,68822.38,Publicado
304,6734-C-C/00020,20,6734,ADG32 6734 LABOLAFIO SL,FC/2025/0050,ALUBIX SL,2025/00026,2025-12-17,C-C/00020,4510.88,73333.26,Publicado
305,6734-C-C/00021,21,6734,ADG32 6734 LABOLAFIO SL,FC/2025/0051,ROCALLA SA,2025/00031,2025-12-17,C-C/00021,3236.75,76570.01,Publicado
306,6746-C-C/00001,1,6746,ADG32 6746 ELLADO SL,FC/2025/0002,ROCALLA SA,2025/00002,2025-10-17,C-C/00001,1422.96,1422.96,Pagada
307,6746-C-C/00002,2,6746,ADG32 6746 ELLADO SL,FC/2025/0001,ALUBIX SL,2025/00001,2025-10-17,C-C/00002,1074.48,2497.44,Pagada
308,6746-C-C/00003,3,6746,ADG32 6746 ELLADO SL,FC/2025/0003,ROCALLA SA,2025/00004,2025-10-22,C-C/00003,4639.14,7136.58,Pagada
309,6746-C-C/00004,4,6746,ADG32 6746 ELLADO SL,FC/2025/0004,ALUBIX SL,2025/00005,2025-10-22,C-C/00004,3765.52,10902.1,Pagada
310,6746-C-C/00006,5,6746,ADG32 6746 ELLADO SL,FC/2025/0005,ROCALLA SA,2025/00006,2025-10-29,C-C/00006,4711.74,15613.84,Pagada
311,6746-C-C/00007,6,6746,ADG32 6746 ELLADO SL,FC/2025/0006,ALUBIX SL,2025/00008,2025-10-29,C-C/00007,3494.48,19108.32,Pagada
312,6746-C-C/00008,7,6746,ADG32 6746 ELLADO SL,FC/2025/0007,ROCALLA SA,2025/00010,2025-11-05,C-C/00008,4227.74,23336.06,Pagada
313,6746-C-C/00009,8,6746,ADG32 6746 ELLADO SL,FC/2025/0008,ALUBIX SL,2025/00012,2025-11-05,C-C/00009,3627.58,26963.64,Pagada
314,6746-C-C/00010,9,6746,ADG32 6746 ELLADO SL,FC/2025/0009,ROCALLA SA,2025/00013,2025-11-12,C-C/00010,4480.63,31444.27,Pagada
315,6746-C-C/00011,10,6746,ADG32 6746 ELLADO SL,FC/2025/0010,ALUBIX SL,2025/00014,2025-11-12,C-C/00011,3588.86,35033.13,Pagada
316,6746-C-C/00012,11,6746,ADG32 6746 ELLADO SL,FC/2025/0028,ALUBIX SL,2025/00017,2025-11-19,C-C/00012,3119.38,38152.51,Pagada
317,6746-C-C/00013,12,6746,ADG32 6746 ELLADO SL,FC/2025/0027,ROCALLA SA,2025/00018,2025-11-19,C-C/00013,4341.48,42493.99,Pagada
318,6746-C-C/00014,13,6746,ADG32 6746 ELLADO SL,FC/2025/0037,ALUBIX SL,2025/00023,2025-11-26,C-C/00014,3075.82,45569.81,Publicado
319,6746-C-C/00015,14,6746,ADG32 6746 ELLADO SL,FC/2025/0036,ROCALLA SA,2025/00021,2025-11-26,C-C/00015,4254.36,49824.17,Publicado
320,6746-C-C/00016,15,6746,ADG32 6746 ELLADO SL,FC/2025/0035,ALUBIX SL,2025/00019,2025-11-26,C-C/00016,36.30,49860.47,Publicado
321,6746-C-C/00017,16,6746,ADG32 6746 ELLADO SL,FC/2025/0042,ROCALLA SA,2025/00024,2025-12-03,C-C/00017,4464.90,54325.37,Publicado
322,6746-C-C/00018,17,6746,ADG32 6746 ELLADO SL,FC/2025/0043,ALUBIX SL,2025/00027,2025-12-03,C-C/00018,3569.50,57894.87,Publicado
323,6746-C-C/00019,18,6746,ADG32 6746 ELLADO SL,FC/2025/0046,ALUBIX SL,2025/00030,2025-12-10,C-C/00019,4157.56,62052.43,Publicado
324,6746-C-C/00020,19,6746,ADG32 6746 ELLADO SL,FC/2025/0047,ROCALLA SA,2025/00028,2025-12-10,C-C/00020,4798.86,66851.29,Publicado
325,6746-C-C/00021,20,6746,ADG32 6746 ELLADO SL,FC/2025/0049,ALUBIX SL,2025/00034,2025-12-17,C-C/00021,3617.90,70469.19,Publicado
326,6746-C-C/00022,21,6746,ADG32 6746 ELLADO SL,FC/2025/0050,ROCALLA SA,2025/00032,2025-12-17,C-C/00022,5154.60,75623.79,Publicado
327,6777-C-C/00001,1,6777,ADG32 6777 JGARCIA SL,FC/2025/0002,ROCALLA SA,2025/00003,2025-10-17,C-C/00001,1577.84,1577.84,Pagada
328,6777-C-C/00002,2,6777,ADG32 6777 JGARCIA SL,FC/2025/0001,ALUBIX SL,2025/00005,2025-10-17,C-C/00002,1476.20,3054.04,Pagada
329,6777-C-C/00003,3,6777,ADG32 6777 JGARCIA SL,FC/2025/0003,ALUBIX SL,2025/00009,2025-10-22,C-C/00003,4036.56,7090.6,Pagada
330,6777-C-C/00004,4,6777,ADG32 6777 JGARCIA SL,FC/2025/0004,ROCALLA SA,2025/00005,2025-10-22,C-C/00004,3869.58,10960.18,Pagada
331,6777-C-C/00005,5,6777,ADG32 6777 JGARCIA SL,FC/2025/0005,ALUBIX SL,2025/00012,2025-10-29,C-C/00005,3976.06,14936.24,Pagada
332,6777-C-C/00006,6,6777,ADG32 6777 JGARCIA SL,FC/2025/0006,ROCALLA SA,2025/00007,2025-10-29,C-C/00006,4385.04,19321.28,Pagada
333,6777-C-C/00007,7,6777,ADG32 6777 JGARCIA SL,FC/2025/0007,ROCALLA SA,2025/00008,2025-11-05,C-C/00007,4031.72,23353,Pagada
334,6777-C-C/00008,8,6777,ADG32 6777 JGARCIA SL,FC/2025/0008,ALUBIX SL,2025/00015,2025-11-05,C-C/00008,3492.06,26845.06,Pagada
335,6777-C-C/00009,9,6777,ADG32 6777 JGARCIA SL,FC/2025/0009,ALUBIX SL,2025/00017,2025-11-12,C-C/00009,4097.06,30942.12,Pagada
336,6777-C-C/00010,10,6777,ADG32 6777 JGARCIA SL,FC/2025/0010,ROCALLA SA,2025/00012,2025-11-12,C-C/00010,3901.04,34843.16,Pagada
337,6777-C-C/00011,11,6777,ADG32 6777 JGARCIA SL,FC/2025/0025,ALUBIX SL,2025/00019,2025-11-19,C-C/00011,4266.46,39109.62,Pagada
338,6777-C-C/00012,12,6777,ADG32 6777 JGARCIA SL,FC/2025/0026,ROCALLA SA,2025/00015,2025-11-19,C-C/00012,4259.20,43368.82,Pagada
339,6777-C-C/00013,13,6777,ADG32 6777 JGARCIA SL,FC/2025/0031,ALUBIX SL,2025/00021,2025-11-26,C-C/00013,3939.76,47308.58,Publicado
340,6777-C-C/00014,14,6777,ADG32 6777 JGARCIA SL,FC/2025/0032,ROCALLA SA,2025/00016,2025-11-26,C-C/00014,4293.08,51601.66,Publicado
341,6777-C-C/00015,15,6777,ADG32 6777 JGARCIA SL,FC/2025/0033,ALUBIX SL,2025/00024,2025-12-03,C-C/00015,3782.46,55384.12,Publicado
342,6777-C-C/00016,16,6777,ADG32 6777 JGARCIA SL,FC/2025/0034,ROCALLA SA,2025/00017,2025-12-03,C-C/00016,3639.68,59023.8,Publicado
343,6777-C-C/00017,17,6777,ADG32 6777 JGARCIA SL,FC/2025/0036,ALUBIX SL,2025/00027,2025-12-10,C-C/00017,3927.66,62951.46,Publicado
344,6777-C-C/00018,18,6777,ADG32 6777 JGARCIA SL,FC/2025/0037,ROCALLA SA,2025/00019,2025-12-10,C-C/00018,3736.48,66687.94,Publicado
345,6777-C-C/00019,19,6777,ADG32 6777 JGARCIA SL,FC/2025/0038,ALUBIX SL,2025/00029,2025-12-18,C-C/00019,2991.12,69679.06,Publicado
346,6777-C-C/00020,20,6777,ADG32 6777 JGARCIA SL,FC/2025/0039,ROCALLA SA,2025/00023,2025-12-18,C-C/00020,4256.78,73935.84,Publicado
347,6844-C-C/00001,1,6844,ADG32 6844 TTRAMULLAS SL,FC/2025/0002,ALUBIX SL,2025/00001,2025-10-17,C-C/00001,1488.30,1488.3,Pagada
348,6844-C-C/00002,2,6844,ADG32 6844 TTRAMULLAS SL,FC/2025/0001,ROCALLA SA,2025/00002,2025-10-17,C-C/00002,1205.16,2693.46,Pagada
349,6844-C-C/00003,3,6844,ADG32 6844 TTRAMULLAS SL,FC/2025/0004,ALUBIX SL,2025/00005,2025-10-22,C-C/00003,6824.40,9517.86,Pagada
350,6844-C-C/00004,4,6844,ADG32 6844 TTRAMULLAS SL,FC/2025/0003,ROCALLA SA,2025/00003,2025-10-22,C-C/00004,3550.14,13068,Pagada
351,6844-C-C/00005,5,6844,ADG32 6844 TTRAMULLAS SL,FC/2025/0005,ALUBIX SL,2025/00007,2025-10-29,C-C/00005,2432.10,15500.1,Pagada
352,6844-C-C/00006,6,6844,ADG32 6844 TTRAMULLAS SL,FC/2025/0006,ROCALLA SA,2025/00006,2025-10-29,C-C/00006,3315.40,18815.5,Pagada
353,6844-C-C/00007,7,6844,ADG32 6844 TTRAMULLAS SL,FC/2025/0007,ROCALLA SA,2025/00009,2025-11-05,C-C/00007,3396.47,22211.97,Pagada
354,6844-C-C/00008,8,6844,ADG32 6844 TTRAMULLAS SL,FC/2025/0008,ALUBIX SL,2025/00011,2025-11-05,C-C/00008,4731.10,26943.07,Pagada
355,6844-C-C/00009,9,6844,ADG32 6844 TTRAMULLAS SL,FC/2025/0010,ALUBIX SL,2025/00012,2025-11-12,C-C/00009,4634.30,31577.37,Pagada
356,6844-C-C/00010,10,6844,ADG32 6844 TTRAMULLAS SL,FC/2025/0009,ROCALLA SA,2025/00013,2025-11-12,C-C/00010,3512.63,35090,Pagada
357,6844-C-C/00011,11,6844,ADG32 6844 TTRAMULLAS SL,FC/2025/0028,ALUBIX SL,2025/00014,2025-11-19,C-C/00011,4900.50,39990.5,Pagada
358,6844-C-C/00012,12,6844,ADG32 6844 TTRAMULLAS SL,FC/2025/0029,ROCALLA SA,2025/00015,2025-11-19,C-C/00012,4014.78,44005.28,Pagada
359,6844-C-C/00013,13,6844,ADG32 6844 TTRAMULLAS SL,FC/2025/0033,ALUBIX SL,2025/00017,2025-11-26,C-C/00013,3847.80,47853.08,Publicado
360,6844-C-C/00014,14,6844,ADG32 6844 TTRAMULLAS SL,FC/2025/0034,ROCALLA SA,2025/00019,2025-11-26,C-C/00014,2965.71,50818.79,Publicado
361,6844-C-C/00015,15,6844,ADG32 6844 TTRAMULLAS SL,FC/2025/0035,ALUBIX SL,2025/00021,2025-12-05,C-C/00015,5336.10,56154.89,Publicado
362,6844-C-C/00016,16,6844,ADG32 6844 TTRAMULLAS SL,FC/2025/0036,ROCALLA SA,2025/00020,2025-12-05,C-C/00016,3587.65,59742.54,Publicado
363,6844-C-C/00017,17,6844,ADG32 6844 TTRAMULLAS SL,FC/2025/0037,ALUBIX SL,2025/00025,2025-12-10,C-C/00017,4876.30,64618.84,Publicado
364,6844-C-C/00018,18,6844,ADG32 6844 TTRAMULLAS SL,FC/2025/0038,ROCALLA SA,2025/00022,2025-12-10,C-C/00018,3421.88,68040.72,Publicado